LLM_Prompt_or_Keyword,Search_Volume_Monthly,Keyword_Difficulty_KD_%,Competition_Level,Data_Source
rakhi wishes,9900,20,Low KD (<25%),Master Festive SEO Strategy (Week 1-2)
unique rakhi gifts for brother,2900,14,Low KD (<25%),Master Festive SEO Strategy (Week 1-2)
rakhi for bhaiya bhabhi,1900,11,Low KD (<25%),Master Festive SEO Strategy (Week 1-2)
happy rakhi wishes to brother,6600,14,Low KD (<25%),Master Festive SEO Strategy (Week 3-4)
rakhi greeting card,4400,27,Medium KD (26-45%),Master Festive SEO Strategy (Week 3-4)
rakhi set,3600,26,Medium KD (26-45%),Master Festive SEO Strategy (Week 3-4)
rakhi captions for instagram,1900,20,Low KD (<25%),Master Festive SEO Strategy (Week 3-4)
golden wedding anniversary messages,1600,19,Low KD (<25%),Master Festive SEO Strategy (Week 3-4)
cute rakhi pics,2900,27,Medium KD (26-45%),Master Festive SEO Strategy (Week 3-4)
rakhi meaning,1900,25,Low KD (<25%),Master Festive SEO Strategy (Week 3-4)
rakhi images with quotes,1300,29,Medium KD (26-45%),Master Festive SEO Strategy (Week 3-4)
rakhi message for long distance brother,2400,18,Low KD (<25%),Master Festive SEO Strategy (Week 5)
how to check gold purity,5400,14,Low KD (<25%),Master Festive SEO Strategy (Week 6)
bangle size,8100,15,Low KD (<25%),Master Festive SEO Strategy (Week 6)
best rakhi gift for sister,9900,26,Medium KD (26-45%),Master Festive SEO Strategy (Week 6)
gst on gold jewellery,9900,21,Low KD (<25%),Master Festive SEO Strategy (Week 6)
demi fine jewelry,6600,19,Low KD (<25%),Master Festive SEO Strategy (Week 6)
name ring design,5400,14,Low KD (<25%),Master Festive SEO Strategy (Week 6)
earrings for saree,8100,23,Low KD (<25%),Master Festive SEO Strategy (Week 6)
upper ear earrings,8100,26,Medium KD (26-45%),Master Festive SEO Strategy (Week 6)
9 karat gold,6600,22,Low KD (<25%),Master Festive SEO Strategy (Week 6)
how to measure ring size at home,3600,17,Low KD (<25%),Master Festive SEO Strategy (Week 6)
10 gram gold necklace,6600,23,Low KD (<25%),Master Festive SEO Strategy (Week 6)
latest gold bangles design,8100,28,Medium KD (26-45%),Master Festive SEO Strategy (Week 6)
ganesh pendant gold,4400,19,Low KD (<25%),Master Festive SEO Strategy (Week 6)
best day to buy gold,1900,15,Low KD (<25%),Master Festive SEO Strategy (Week 6)
diamond cocktail rings,2400,15,Low KD (<25%),Master Festive SEO Strategy (Week 6)
single stone ring,2400,17,Low KD (<25%),Master Festive SEO Strategy (Week 6)
gold akshaya tritiya,4400,24,Low KD (<25%),Master Festive SEO Strategy (Week 6)
lotus jewelry,2900,26,Medium KD (26-45%),Master Festive SEO Strategy (Week 6)
hypoallergenic earrings,1900,17,Low KD (<25%),Master Festive SEO Strategy (Week 6)
diamond earrings for kids,1300,16,Low KD (<25%),Master Festive SEO Strategy (Week 6)
heavy gold chain designs for mens,1300,15,Low KD (<25%),Master Festive SEO Strategy (Week 6)
bracelets for teenage girl,1300,21,Low KD (<25%),Master Festive SEO Strategy (Week 6)
types of necklaces,1300,19,Low KD (<25%),Master Festive SEO Strategy (Week 6)
how to check gold purity,5400,14,Low KD (<25%),Master Festive SEO Strategy (Week 7)
bangle size,8100,15,Low KD (<25%),Master Festive SEO Strategy (Week 7)
best rakhi gift for sister,9900,26,Medium KD (26-45%),Master Festive SEO Strategy (Week 7)
gst on gold jewellery,9900,21,Low KD (<25%),Master Festive SEO Strategy (Week 7)
demi fine jewelry,6600,19,Low KD (<25%),Master Festive SEO Strategy (Week 7)
name ring design,5400,14,Low KD (<25%),Master Festive SEO Strategy (Week 7)
earrings for saree,8100,23,Low KD (<25%),Master Festive SEO Strategy (Week 7)
upper ear earrings,8100,26,Medium KD (26-45%),Master Festive SEO Strategy (Week 7)
9 karat gold,6600,22,Low KD (<25%),Master Festive SEO Strategy (Week 7)
how to measure ring size at home,3600,17,Low KD (<25%),Master Festive SEO Strategy (Week 7)
chandbali earrings gold,9900,18,Low KD (<25%),Master Festive SEO Strategy (Week 7)
latest gold bangles design,8100,28,Medium KD (26-45%),Master Festive SEO Strategy (Week 7)
ganesh pendant gold,4400,19,Low KD (<25%),Master Festive SEO Strategy (Week 7)
best day to buy gold,1900,15,Low KD (<25%),Master Festive SEO Strategy (Week 7)
diamond cocktail rings,2400,15,Low KD (<25%),Master Festive SEO Strategy (Week 7)
single stone ring,2400,17,Low KD (<25%),Master Festive SEO Strategy (Week 7)
gold akshaya tritiya,4400,24,Low KD (<25%),Master Festive SEO Strategy (Week 7)
lotus jewelry,2900,26,Medium KD (26-45%),Master Festive SEO Strategy (Week 7)
hypoallergenic earrings,1900,17,Low KD (<25%),Master Festive SEO Strategy (Week 7)
diamond earrings for kids,1300,16,Low KD (<25%),Master Festive SEO Strategy (Week 7)
heavy gold chain designs for mens,1300,15,Low KD (<25%),Master Festive SEO Strategy (Week 7)
bracelets for teenage girl,1300,21,Low KD (<25%),Master Festive SEO Strategy (Week 7)
types of necklaces,1300,19,Low KD (<25%),Master Festive SEO Strategy (Week 7)
daily wear gold earrings design,8100,19,Low KD (<25%),Master Festive SEO Strategy (Week 7)
long mangalsutra,9900,12,Low KD (<25%),Master Festive SEO Strategy (Week 7)
pearl choker necklace,9900,13,Low KD (<25%),Master Festive SEO Strategy (Week 7)
silver jhumka earrings,8100,14,Low KD (<25%),Master Festive SEO Strategy (Week 7)
mens gold hoop earrings,9900,17,Low KD (<25%),Master Festive SEO Strategy (Week 7)
mens personalised bracelet,6600,14,Low KD (<25%),Master Festive SEO Strategy (Week 7)
second stud earrings,9900,18,Low KD (<25%),Master Festive SEO Strategy (Week 7)
silver anklet design,8100,17,Low KD (<25%),Master Festive SEO Strategy (Week 7)
platinum couple rings,6600,18,Low KD (<25%),Master Festive SEO Strategy (Week 7)
evil eye silver bracelet,8100,18,Low KD (<25%),Master Festive SEO Strategy (Week 7)
evil eye anklet,9900,23,Low KD (<25%),Master Festive SEO Strategy (Week 7)
toe ring silver,9900,23,Low KD (<25%),Master Festive SEO Strategy (Week 7)
silver maang tikka,1300,6,Low KD (<25%),Master Festive SEO Strategy (Week 7)
gold pearl earrings,8100,23,Low KD (<25%),Master Festive SEO Strategy (Week 7)
0.5 gm gold coin,4400,16,Low KD (<25%),Master Festive SEO Strategy (Week 7)
initial necklace,2400,13,Low KD (<25%),Master Festive SEO Strategy (Week 7)
tennis bracelet womens,4400,17,Low KD (<25%),Master Festive SEO Strategy (Week 7)
kids bangles,5400,17,Low KD (<25%),Master Festive SEO Strategy (Week 7)
oxidised silver earrings,4400,20,Low KD (<25%),Master Festive SEO Strategy (Week 7)
alphabet charm bracelet,1300,9,Low KD (<25%),Master Festive SEO Strategy (Week 7)
silver hoop earrings,3600,18,Low KD (<25%),Master Festive SEO Strategy (Week 7)
double layer necklace,2400,16,Low KD (<25%),Master Festive SEO Strategy (Week 7)
heart shaped pendant in gold,1900,17,Low KD (<25%),Master Festive SEO Strategy (Week 7)
kundan rings,1300,18,Low KD (<25%),Master Festive SEO Strategy (Week 7)
black ring for men,8100,22,Low KD (<25%),Master Festive SEO Strategy (Week 7)
jewellery gift for girlfriend,1300,22,Low KD (<25%),Master Festive SEO Strategy (Week 7)
necklace gift for girlfriend,1600,18,Low KD (<25%),Master Festive SEO Strategy (Week 7)
bracelet gift for girlfriend,2400,18,Low KD (<25%),Master Festive SEO Strategy (Week 7)
silver kada for men,135000,20,Low KD (<25%),Master Festive SEO Strategy (Week 7)
engagement rings,110000,30,Medium KD (26-45%),Master Festive SEO Strategy (Week 7)
diamond necklace,74000,29,Medium KD (26-45%),Master Festive SEO Strategy (Week 7)
gold ring design for female,40500,27,Medium KD (26-45%),Master Festive SEO Strategy (Week 7)
boys ring,40500,36,Medium KD (26-45%),Master Festive SEO Strategy (Week 7)
latest gold necklace designs,33100,27,Medium KD (26-45%),Master Festive SEO Strategy (Week 7)
ear ring design gold,27100,21,Low KD (<25%),Master Festive SEO Strategy (Week 7)
latest design of gold earrings,27100,23,Low KD (<25%),Master Festive SEO Strategy (Week 7)
gold ear tops,22200,31,Medium KD (26-45%),Master Festive SEO Strategy (Week 7)
finger ring for women,18100,31,Medium KD (26-45%),Master Festive SEO Strategy (Week 7)
diamond set,14800,32,Medium KD (26-45%),Master Festive SEO Strategy (Week 7)
simple necklace design,12100,22,Low KD (<25%),Master Festive SEO Strategy (Week 7)
small gold earrings,12100,28,Medium KD (26-45%),Master Festive SEO Strategy (Week 7)
gold plated bangles,9900,14,Low KD (<25%),Master Festive SEO Strategy (Week 7)
diamond studs for men,9900,17,Low KD (<25%),Master Festive SEO Strategy (Week 7)
baby bangles gold,9900,18,Low KD (<25%),Master Festive SEO Strategy (Week 7)
diamond chain men,9900,20,Low KD (<25%),Master Festive SEO Strategy (Week 7)
baby earrings gold,9900,20,Low KD (<25%),Master Festive SEO Strategy (Week 7)
long chain,9900,21,Low KD (<25%),Master Festive SEO Strategy (Week 7)
diamond pendant,9900,25,Low KD (<25%),Master Festive SEO Strategy (Week 7)
stone necklace,8100,26,Medium KD (26-45%),Master Festive SEO Strategy (Week 7)
modern gold pendant designs for female,8100,28,Medium KD (26-45%),Master Festive SEO Strategy (Week 7)
gold ear studs for men,6600,17,Low KD (<25%),Master Festive SEO Strategy (Week 7)
womens gold earrings designs,6600,21,Low KD (<25%),Master Festive SEO Strategy (Week 7)
earring gold jewellery design,6600,26,Medium KD (26-45%),Master Festive SEO Strategy (Week 7)
pendant necklace,6600,32,Medium KD (26-45%),Master Festive SEO Strategy (Week 7)
neck chain,6600,36,Medium KD (26-45%),Master Festive SEO Strategy (Week 7)
simple gold earrings design,5400,21,Low KD (<25%),Master Festive SEO Strategy (Week 7)
gold kangan latest design,4400,23,Low KD (<25%),Master Festive SEO Strategy (Week 7)
necklace models,4400,25,Low KD (<25%),Master Festive SEO Strategy (Week 7)
latest gold chain design for men,3600,16,Low KD (<25%),Master Festive SEO Strategy (Week 7)
women's gold necklace design,2900,23,Low KD (<25%),Master Festive SEO Strategy (Week 7)
traditional necklace for women,2900,23,Low KD (<25%),Master Festive SEO Strategy (Week 7)
yellow earrings,2900,28,Medium KD (26-45%),Master Festive SEO Strategy (Week 7)
gold pendant designs for male,2400,17,Low KD (<25%),Master Festive SEO Strategy (Week 7)
simple gold bangles,2400,25,Low KD (<25%),Master Festive SEO Strategy (Week 7)
gold single bangle,1900,30,Medium KD (26-45%),Master Festive SEO Strategy (Week 7)
nose ring,135000,27,Medium KD (26-45%),Master Festive SEO Strategy (Week 7)
white gold,60500,28,Medium KD (26-45%),Master Festive SEO Strategy (Week 7)
rose gold,49500,23,Low KD (<25%),Master Festive SEO Strategy (Week 7)
gents bracelet gold,40500,22,Low KD (<25%),Master Festive SEO Strategy (Week 7)
gold ring design for male,33100,18,Low KD (<25%),Master Festive SEO Strategy (Week 7)
sui dhaga earrings,27100,22,Low KD (<25%),Master Festive SEO Strategy (Week 7)
vanki ring,22200,22,Low KD (<25%),Master Festive SEO Strategy (Week 7)
boys gold chain,14800,20,Low KD (<25%),Master Festive SEO Strategy (Week 7)
drop earrings,14800,28,Medium KD (26-45%),Master Festive SEO Strategy (Week 7)
chain pendants,14800,43,Medium KD (26-45%),Master Festive SEO Strategy (Week 7)
gold chain models for mens,12100,17,Low KD (<25%),Master Festive SEO Strategy (Week 7)
baby gold bracelet,8100,20,Low KD (<25%),Master Festive SEO Strategy (Week 7)
long gold necklace,8100,19,Low KD (<25%),Master Festive SEO Strategy (Week 7)
emerald ring,12100,23,Low KD (<25%),Master Festive SEO Strategy (Week 7)
earring tops,12100,25,Low KD (<25%),Master Festive SEO Strategy (Week 7)
long earrings,12100,29,Medium KD (26-45%),Master Festive SEO Strategy (Week 7)
gold chain design for girl with locket,9900,19,Low KD (<25%),Master Festive SEO Strategy (Week 7)
pendant set,9900,21,Low KD (<25%),Master Festive SEO Strategy (Week 7)
stone earrings,9900,24,Low KD (<25%),Master Festive SEO Strategy (Week 7)
pearl jewellery set,9900,25,Low KD (<25%),Master Festive SEO Strategy (Week 7)
gold chain design for female,9900,28,Medium KD (26-45%),Master Festive SEO Strategy (Week 7)
stylish gold earrings design,9900,37,Medium KD (26-45%),Master Festive SEO Strategy (Week 7)
gold plated chain,8100,8,Low KD (<25%),Master Festive SEO Strategy (Week 7)
new model gold earrings,8100,17,Low KD (<25%),Master Festive SEO Strategy (Week 7)
black earrings,8100,23,Low KD (<25%),Master Festive SEO Strategy (Week 7)
bali earrings,8100,24,Low KD (<25%),Master Festive SEO Strategy (Week 7)
kitty set gold,8100,26,Medium KD (26-45%),Master Festive SEO Strategy (Week 7)
gents gold chain,6600,17,Low KD (<25%),Master Festive SEO Strategy (Week 7)
daily use simple gold chain design,6600,17,Low KD (<25%),Master Festive SEO Strategy (Week 7)
chain bracelet,6600,18,Low KD (<25%),Master Festive SEO Strategy (Week 7)
light weight gold jewellery,6600,19,Low KD (<25%),Master Festive SEO Strategy (Week 7)
modern simple gold ring design,6600,20,Low KD (<25%),Master Festive SEO Strategy (Week 7)
hanging earrings,6600,21,Low KD (<25%),Master Festive SEO Strategy (Week 7)
ruby ring,9900,21,Low KD (<25%),Master Festive SEO Strategy (Week 7)
thali chain,9900,26,Medium KD (26-45%),Master Festive SEO Strategy (Week 7)
yellow sapphire ring,8100,19,Low KD (<25%),Master Festive SEO Strategy (Week 7)
laxmi haar gold design,6600,12,Low KD (<25%),Master Festive SEO Strategy (Week 7)
mens cross necklace,6600,28,Medium KD (26-45%),Master Festive SEO Strategy (Week 7)
heavy earrings,6600,29,Medium KD (26-45%),Master Festive SEO Strategy (Week 7)
flower earrings,5400,14,Low KD (<25%),Master Festive SEO Strategy (Week 7)
platinum earrings,5400,20,Low KD (<25%),Master Festive SEO Strategy (Week 7)
pukhraj ring,5400,20,Low KD (<25%),Master Festive SEO Strategy (Week 7)
platinum necklace,4400,19,Low KD (<25%),Master Festive SEO Strategy (Week 7)
plain gold ring,4400,21,Low KD (<25%),Master Festive SEO Strategy (Week 7)
gold round earrings,4400,22,Low KD (<25%),Master Festive SEO Strategy (Week 7)
bangle bracelet,4400,26,Medium KD (26-45%),Master Festive SEO Strategy (Week 7)
gold plated rings for womens,3600,16,Low KD (<25%),Master Festive SEO Strategy (Week 7)
small necklace design,3600,16,Low KD (<25%),Master Festive SEO Strategy (Week 7)
boy ring design silver,3600,17,Low KD (<25%),Master Festive SEO Strategy (Week 7)
short necklace designs,3600,18,Low KD (<25%),Master Festive SEO Strategy (Week 7)
cross chain,3600,23,Low KD (<25%),Master Festive SEO Strategy (Week 7)
gold chain design for male,2900,18,Low KD (<25%),Master Festive SEO Strategy (Week 7)
latest gold ring design,2900,21,Low KD (<25%),Master Festive SEO Strategy (Week 7)
chain necklace for women,2900,23,Low KD (<25%),Master Festive SEO Strategy (Week 7)
flower design gold ring,2400,17,Low KD (<25%),Master Festive SEO Strategy (Week 7)
heart ring,2400,21,Low KD (<25%),Master Festive SEO Strategy (Week 7)
baby gold chain,9900,18,Low KD (<25%),Master Festive SEO Strategy (Week 7)
diamond bracelet,9900,21,Low KD (<25%),Master Festive SEO Strategy (Week 7)
fancy necklace,1900,23,Low KD (<25%),Master Festive SEO Strategy (Week 7)
stylish gold necklace design,1900,28,Medium KD (26-45%),Master Festive SEO Strategy (Week 7)
childrens bangles,6600,21,Low KD (<25%),Master Festive SEO Strategy (Week 7)
boys bracelet gold,6600,20,Low KD (<25%),Master Festive SEO Strategy (Week 7)
men's band rings,5400,17,Low KD (<25%),Master Festive SEO Strategy (Week 7)
latest pendant designs in gold,1600,17,Low KD (<25%),Master Festive SEO Strategy (Week 7)
real silver rings for women,1600,19,Low KD (<25%),Master Festive SEO Strategy (Week 7)
types of bangles,1600,20,Low KD (<25%),Master Festive SEO Strategy (Week 7)
round ring design,1600,21,Low KD (<25%),Master Festive SEO Strategy (Week 7)
earring ka design,1600,23,Low KD (<25%),Master Festive SEO Strategy (Week 7)
latest gold jhala design,1600,24,Low KD (<25%),Master Festive SEO Strategy (Week 7)
24k gold earrings,1600,35,Medium KD (26-45%),Master Festive SEO Strategy (Week 7)
black beads gold chain,12100,19,Low KD (<25%),Master Festive SEO Strategy (Week 7)
infinity ring,8100,21,Low KD (<25%),Master Festive SEO Strategy (Week 7)
pearl chain,8100,22,Low KD (<25%),Master Festive SEO Strategy (Week 7)
mangalya chain design gold,8100,30,Medium KD (26-45%),Master Festive SEO Strategy (Week 7)
pearl ring,6600,21,Low KD (<25%),Master Festive SEO Strategy (Week 7)
ring watch mens,5400,15,Low KD (<25%),Master Festive SEO Strategy (Week 7)
traditional earrings,5400,17,Low KD (<25%),Master Festive SEO Strategy (Week 7)
pure silver rings for mens,5400,18,Low KD (<25%),Master Festive SEO Strategy (Week 7)
chandi ring for women,5400,23,Low KD (<25%),Master Festive SEO Strategy (Week 7)
thumb rings,5400,30,Medium KD (26-45%),Master Festive SEO Strategy (Week 7)
silver chain design for womens,4400,15,Low KD (<25%),Master Festive SEO Strategy (Week 7)
panna ring,4400,16,Low KD (<25%),Master Festive SEO Strategy (Week 7)
big earrings,4400,18,Low KD (<25%),Master Festive SEO Strategy (Week 7)
one gram gold ring for ladies,3600,23,Low KD (<25%),Master Festive SEO Strategy (Week 7)
simple daily wear rings,1300,18,Low KD (<25%),Master Festive SEO Strategy (Week 7)
gold kanthi chain design,1300,14,Low KD (<25%),Master Festive SEO Strategy (Week 7)
gold chain designsmens,1300,17,Low KD (<25%),Master Festive SEO Strategy (Week 7)
diamond rings,201000,22,Low KD (<25%),Master Festive SEO Strategy (Week 8)
bracelet for girls,110000,22,Low KD (<25%),Master Festive SEO Strategy (Week 8)
gold earrings for girls,90500,22,Low KD (<25%),Master Festive SEO Strategy (Week 8)
evil eye bracelet,60500,22,Low KD (<25%),Master Festive SEO Strategy (Week 8)
couple rings,60500,22,Low KD (<25%),Master Festive SEO Strategy (Week 8)
pearl necklace,60500,22,Low KD (<25%),Master Festive SEO Strategy (Week 8)
jhumka earrings,49500,22,Low KD (<25%),Master Festive SEO Strategy (Week 8)
stud earrings,40500,22,Low KD (<25%),Master Festive SEO Strategy (Week 8)
platinum rings,49500,22,Low KD (<25%),Master Festive SEO Strategy (Week 8)
gents ring design,49500,22,Low KD (<25%),Master Festive SEO Strategy (Week 8)
diamond earrings for men,33100,22,Low KD (<25%),Master Festive SEO Strategy (Week 8)
nose pin gold,40500,22,Low KD (<25%),Master Festive SEO Strategy (Week 8)
platinum chain for men,33100,22,Low KD (<25%),Master Festive SEO Strategy (Week 8)
gold necklace set,33100,22,Low KD (<25%),Master Festive SEO Strategy (Week 8)
short mangalsutra designs,33100,22,Low KD (<25%),Master Festive SEO Strategy (Week 8)
small mangalsutra design,33100,22,Low KD (<25%),Master Festive SEO Strategy (Week 8)
solitaire ring,33100,22,Low KD (<25%),Master Festive SEO Strategy (Week 8)
bugadi earrings,49500,22,Low KD (<25%),Master Festive SEO Strategy (Week 8)
engagement rings for couples,27100,22,Low KD (<25%),Master Festive SEO Strategy (Week 8)
wedding gold necklace design,22200,22,Low KD (<25%),Master Festive SEO Strategy (Week 8)
bangles for girls,33100,22,Low KD (<25%),Master Festive SEO Strategy (Week 8)
solitaire diamond ring,22200,22,Low KD (<25%),Master Festive SEO Strategy (Week 8)
boys earrings,33100,22,Low KD (<25%),Master Festive SEO Strategy (Week 8)
gold chain design for girl,22200,22,Low KD (<25%),Master Festive SEO Strategy (Week 8)
hand bracelet for men,22200,22,Low KD (<25%),Master Festive SEO Strategy (Week 8)
unique gold earrings design,27100,22,Low KD (<25%),Master Festive SEO Strategy (Week 8)
real gold chains for men,27100,22,Low KD (<25%),Master Festive SEO Strategy (Week 8)
pendant for girls,18100,22,Low KD (<25%),Master Festive SEO Strategy (Week 8)
making charges on gold,18100,22,Low KD (<25%),Master Festive SEO Strategy (Week 8)
gold mangalsutra pendant,14800,22,Low KD (<25%),Master Festive SEO Strategy (Week 8)
gold choker necklace,14800,22,Low KD (<25%),Master Festive SEO Strategy (Week 8)
gold wedding earrings design,14800,22,Low KD (<25%),Master Festive SEO Strategy (Week 8)
bridal gold earrings designs,14800,22,Low KD (<25%),Master Festive SEO Strategy (Week 8)
mangalsutra chain,14800,22,Low KD (<25%),Master Festive SEO Strategy (Week 8)
platinum bracelet for men,14800,22,Low KD (<25%),Master Festive SEO Strategy (Week 8)
bangles set,14800,22,Low KD (<25%),Master Festive SEO Strategy (Week 8)
female wedding gold ring design,14800,22,Low KD (<25%),Master Festive SEO Strategy (Week 8)
mangalsutra ki design,14800,22,Low KD (<25%),Master Festive SEO Strategy (Week 8)
mens black bracelet,12100,22,Low KD (<25%),Master Festive SEO Strategy (Week 8)
ear cuff earrings,18100,22,Low KD (<25%),Master Festive SEO Strategy (Week 8)
modern gold necklace designs,14800,22,Low KD (<25%),Master Festive SEO Strategy (Week 8)
bridal gold necklace set designs,12100,22,Low KD (<25%),Master Festive SEO Strategy (Week 8)
daily use gold earrings,12100,22,Low KD (<25%),Master Festive SEO Strategy (Week 8)
diamond rings for girls,18100,22,Low KD (<25%),Master Festive SEO Strategy (Week 8)
mangalsutra bracelet,12100,22,Low KD (<25%),Master Festive SEO Strategy (Week 8)
gold bangles designs in 10 grams,14800,22,Low KD (<25%),Master Festive SEO Strategy (Week 8)
trending bangles,22200,22,Low KD (<25%),Master Festive SEO Strategy (Week 8)
pearl necklace set,9900,22,Low KD (<25%),Master Festive SEO Strategy (Week 8)
daily wear gold bangles design,9900,22,Low KD (<25%),Master Festive SEO Strategy (Week 8)
diamond bangles,14800,22,Low KD (<25%),Master Festive SEO Strategy (Week 8)
daily wear mangalsutra designs in gold,9900,22,Low KD (<25%),Master Festive SEO Strategy (Week 8)
stone ring,9900,22,Low KD (<25%),Master Festive SEO Strategy (Week 8)
bracelet watch for women,9900,22,Low KD (<25%),Master Festive SEO Strategy (Week 8)
amethyst bracelet,9900,13,Low KD (<25%),Master Festive SEO Strategy (Week 8)
gold earrings for kids,14800,22,Low KD (<25%),Master Festive SEO Strategy (Week 8)
ring bracelet,9900,22,Low KD (<25%),Master Festive SEO Strategy (Week 8)
mens bracelets gold 22k,8100,22,Low KD (<25%),Master Festive SEO Strategy (Week 8)
maharashtrian nath,9900,22,Low KD (<25%),Master Festive SEO Strategy (Week 8)
signet ring,9900,22,Low KD (<25%),Master Festive SEO Strategy (Week 8)
rudraksha bracelet for men,8100,22,Low KD (<25%),Master Festive SEO Strategy (Week 8)
bridal jewellery set gold,8100,22,Low KD (<25%),Master Festive SEO Strategy (Week 8)
jhumka set,8100,22,Low KD (<25%),Master Festive SEO Strategy (Week 8)
bridal gold bangles design,8100,22,Low KD (<25%),Master Festive SEO Strategy (Week 8)
bridal nath,8100,22,Low KD (<25%),Master Festive SEO Strategy (Week 8)
bridal bangles set,6600,22,Low KD (<25%),Master Festive SEO Strategy (Week 8)
beads necklace,9900,22,Low KD (<25%),Master Festive SEO Strategy (Week 8)
gold plated earrings,6600,22,Low KD (<25%),Master Festive SEO Strategy (Week 8)
22k gold ring mens,8100,22,Low KD (<25%),Master Festive SEO Strategy (Week 8)
engagement ring finger,8100,22,Low KD (<25%),Master Festive SEO Strategy (Week 8)
dangler earrings,9900,22,Low KD (<25%),Master Festive SEO Strategy (Week 8)
cocktail rings,8100,22,Low KD (<25%),Master Festive SEO Strategy (Week 8)
bow earrings,8100,22,Low KD (<25%),Master Festive SEO Strategy (Week 8)
5 grams gold bracelet,9900,22,Low KD (<25%),Master Festive SEO Strategy (Week 8)
pearl bracelet,8100,21,Low KD (<25%),Master Festive SEO Strategy (Week 8)
lotus chain,5400,22,Low KD (<25%),Master Festive SEO Strategy (Week 8)
custom bracelets for men,6600,22,Low KD (<25%),Master Festive SEO Strategy (Week 8)
pink earrings,8100,22,Low KD (<25%),Master Festive SEO Strategy (Week 8)
mangalsutra pendle design,8100,22,Low KD (<25%),Master Festive SEO Strategy (Week 8)
green stone ring,9900,22,Low KD (<25%),Master Festive SEO Strategy (Week 8)
pearl choker,8100,22,Low KD (<25%),Master Festive SEO Strategy (Week 8)
leather bracelet for men,8100,22,Low KD (<25%),Master Festive SEO Strategy (Week 8)
diamond ear studs for men,6600,22,Low KD (<25%),Master Festive SEO Strategy (Week 8)
south indian mangalsutra,6600,22,Low KD (<25%),Master Festive SEO Strategy (Week 8)
butterfly earrings,8100,22,Low KD (<25%),Master Festive SEO Strategy (Week 8)
navaratna ring,8100,22,Low KD (<25%),Master Festive SEO Strategy (Week 8)
antique jewellery set,6600,22,Low KD (<25%),Master Festive SEO Strategy (Week 8)
marathi mangalsutra,6600,22,Low KD (<25%),Master Festive SEO Strategy (Week 8)
diamond stud earrings for men,6600,22,Low KD (<25%),Master Festive SEO Strategy (Week 8)
sone ki chain,8100,22,Low KD (<25%),Master Festive SEO Strategy (Week 8)
name pendant,6600,22,Low KD (<25%),Master Festive SEO Strategy (Week 8)
gold snake chain,8100,22,Low KD (<25%),Master Festive SEO Strategy (Week 8)
24k gold chain mens,6600,22,Low KD (<25%),Master Festive SEO Strategy (Week 8)
mens earrings without piercing,9900,22,Low KD (<25%),Master Festive SEO Strategy (Week 8)
locket chain,6600,22,Low KD (<25%),Master Festive SEO Strategy (Week 8)
platinum diamond ring,6600,22,Low KD (<25%),Master Festive SEO Strategy (Week 8)
evil eye pendant,8100,22,Low KD (<25%),Master Festive SEO Strategy (Week 8)
green earrings,6600,22,Low KD (<25%),Master Festive SEO Strategy (Week 8)
gents diamond ring,8100,22,Low KD (<25%),Master Festive SEO Strategy (Week 8)
one gram gold,8100,22,Low KD (<25%),Master Festive SEO Strategy (Week 8)
mugappu chain,6600,22,Low KD (<25%),Master Festive SEO Strategy (Week 8)
hasli necklace,8100,22,Low KD (<25%),Master Festive SEO Strategy (Week 8)
mens gemstone rings,8100,22,Low KD (<25%),Master Festive SEO Strategy (Week 8)
small nose pin gold,8100,22,Low KD (<25%),Master Festive SEO Strategy (Week 8)
stone jewellery set,5400,22,Low KD (<25%),Master Festive SEO Strategy (Week 8)
antique gold necklace,6600,22,Low KD (<25%),Master Festive SEO Strategy (Week 8)
v shaped ring,6600,22,Low KD (<25%),Master Festive SEO Strategy (Week 8)
jewellery set for wedding,6600,22,Low KD (<25%),Master Festive SEO Strategy (Week 8)
payal for girls,8100,22,Low KD (<25%),Master Festive SEO Strategy (Week 8)
jhumka with ear chain,6600,22,Low KD (<25%),Master Festive SEO Strategy (Week 8)
gold chain designs men's,5400,22,Low KD (<25%),Master Festive SEO Strategy (Week 8)
mangalsutra locket design,5400,22,Low KD (<25%),Master Festive SEO Strategy (Week 8)
evil eye ring,5400,22,Low KD (<25%),Master Festive SEO Strategy (Week 8)
diamond engagement ring for women,6600,22,Low KD (<25%),Master Festive SEO Strategy (Week 8)
24k gold ring for men,5400,22,Low KD (<25%),Master Festive SEO Strategy (Week 8)
gold locket for girls,5400,22,Low KD (<25%),Master Festive SEO Strategy (Week 8)
gold tops for girls,5400,22,Low KD (<25%),Master Festive SEO Strategy (Week 8)
unique simple gold ring design,5400,22,Low KD (<25%),Master Festive SEO Strategy (Week 8)
gold waist chain,6600,22,Low KD (<25%),Master Festive SEO Strategy (Week 8)
yellow gold mangalsutra design,6600,22,Low KD (<25%),Master Festive SEO Strategy (Week 8)
mens cross pendant,6600,22,Low KD (<25%),Master Festive SEO Strategy (Week 8)
gold haram designs in 40 grams,6600,22,Low KD (<25%),Master Festive SEO Strategy (Week 8)
22k gold chain mens,5400,22,Low KD (<25%),Master Festive SEO Strategy (Week 8)
maharashtrian mangalsutra,5400,22,Low KD (<25%),Master Festive SEO Strategy (Week 8)
rose gold bracelet,5400,22,Low KD (<25%),Master Festive SEO Strategy (Week 8)
om locket gold,5400,22,Low KD (<25%),Master Festive SEO Strategy (Week 8)
stone bracelets,6600,22,Low KD (<25%),Master Festive SEO Strategy (Week 8)
hand bracelet for girls,8100,22,Low KD (<25%),Master Festive SEO Strategy (Week 8)
pearl bangles,6600,22,Low KD (<25%),Master Festive SEO Strategy (Week 8)
rudraksha gold chain,8100,22,Low KD (<25%),Master Festive SEO Strategy (Week 8)
layered necklace,6600,22,Low KD (<25%),Master Festive SEO Strategy (Week 8)
nawabi chain,5400,22,Low KD (<25%),Master Festive SEO Strategy (Week 8)
bridal nose ring,5400,22,Low KD (<25%),Master Festive SEO Strategy (Week 8)
gold hindu mangalsutra design,5400,22,Low KD (<25%),Master Festive SEO Strategy (Week 8)
hand chain for men,5400,22,Low KD (<25%),Master Festive SEO Strategy (Week 8)
mini mangalsutra design gold,5400,22,Low KD (<25%),Master Festive SEO Strategy (Week 8)
stone bangles,5400,22,Low KD (<25%),Master Festive SEO Strategy (Week 8)
baby gold ring,5400,22,Low KD (<25%),Master Festive SEO Strategy (Week 8)
kids rings,5400,22,Low KD (<25%),Master Festive SEO Strategy (Week 8)
couple wedding rings,5400,22,Low KD (<25%),Master Festive SEO Strategy (Week 8)
simple bridal gold necklace,5400,22,Low KD (<25%),Master Festive SEO Strategy (Week 8)
traditional mangalsutra design,6600,22,Low KD (<25%),Master Festive SEO Strategy (Week 8)
cuban chain,6600,22,Low KD (<25%),Master Festive SEO Strategy (Week 8)
purple earrings,6600,22,Low KD (<25%),Master Festive SEO Strategy (Week 8)
ring nose pin,6600,22,Low KD (<25%),Master Festive SEO Strategy (Week 8)
platinum kada for men,4400,22,Low KD (<25%),Master Festive SEO Strategy (Week 8)
22 carat gold chain for mens,5400,22,Low KD (<25%),Master Festive SEO Strategy (Week 8)
belly chain gold,6600,22,Low KD (<25%),Master Festive SEO Strategy (Week 8)
statement earrings,5400,22,Low KD (<25%),Master Festive SEO Strategy (Week 8)
18k gold ring mens,4400,22,Low KD (<25%),Master Festive SEO Strategy (Week 8)
diamond pendant set,4400,22,Low KD (<25%),Master Festive SEO Strategy (Week 8)
kada bangles,4400,22,Low KD (<25%),Master Festive SEO Strategy (Week 8)
single diamond ring,4400,22,Low KD (<25%),Master Festive SEO Strategy (Week 8)
emerald necklace,5400,22,Low KD (<25%),Master Festive SEO Strategy (Week 8)
nazar bracelet,5400,22,Low KD (<25%),Master Festive SEO Strategy (Week 8)
stackable rings,5400,22,Low KD (<25%),Master Festive SEO Strategy (Week 8)
gold plated bracelet for men,3600,22,Low KD (<25%),Master Festive SEO Strategy (Week 8)
party wear earrings,3600,22,Low KD (<25%),Master Festive SEO Strategy (Week 8)
types of earrings,6600,22,Low KD (<25%),Master Festive SEO Strategy (Week 8)
hanuman ji locket gold,5400,22,Low KD (<25%),Master Festive SEO Strategy (Week 8)
gold plated kada for mens,3600,22,Low KD (<25%),Master Festive SEO Strategy (Week 8)
name necklace,6600,22,Low KD (<25%),Master Festive SEO Strategy (Week 8)
rakhi bracelet,6600,22,Low KD (<25%),Master Festive SEO Strategy (Week 8)
black bead bracelet,5400,22,Low KD (<25%),Master Festive SEO Strategy (Week 8)
zoro earrings,8100,22,Low KD (<25%),Master Festive SEO Strategy (Week 8)
kids gold chain,5400,22,Low KD (<25%),Master Festive SEO Strategy (Week 8)
amethyst rings,4400,22,Low KD (<25%),Master Festive SEO Strategy (Week 8)
bridal gold choker designs,4400,22,Low KD (<25%),Master Festive SEO Strategy (Week 8)
real diamond rings,5400,22,Low KD (<25%),Master Festive SEO Strategy (Week 8)
ear chain gold,4400,22,Low KD (<25%),Master Festive SEO Strategy (Week 8)
dulhan payal,6600,22,Low KD (<25%),Master Festive SEO Strategy (Week 8)
14 karat gold nose ring,5400,22,Low KD (<25%),Master Festive SEO Strategy (Week 8)
black beads mangalsutra,5400,22,Low KD (<25%),Master Festive SEO Strategy (Week 8)
snake ring,5400,22,Low KD (<25%),Master Festive SEO Strategy (Week 8)
stacking rings,5400,22,Low KD (<25%),Master Festive SEO Strategy (Week 8)
marathi nath,5400,22,Low KD (<25%),Master Festive SEO Strategy (Week 8)
finger rings for girls,5400,22,Low KD (<25%),Master Festive SEO Strategy (Week 8)
mangalsutra ka design,6600,22,Low KD (<25%),Master Festive SEO Strategy (Week 8)
polki jewellery set,4400,22,Low KD (<25%),Master Festive SEO Strategy (Week 8)
small gold earrings designs for daily use,4400,22,Low KD (<25%),Master Festive SEO Strategy (Week 8)
1 carat diamond ring,4400,22,Low KD (<25%),Master Festive SEO Strategy (Week 8)
white pearl necklace,4400,22,Low KD (<25%),Master Festive SEO Strategy (Week 8)
solitaire earrings,5400,22,Low KD (<25%),Master Festive SEO Strategy (Week 8)
beaded bracelets for women,5400,22,Low KD (<25%),Master Festive SEO Strategy (Week 8)
charm bracelets for women,3600,22,Low KD (<25%),Master Festive SEO Strategy (Week 8)
kundan bridal jewellery set,3600,22,Low KD (<25%),Master Festive SEO Strategy (Week 8)
om pendant gold,4400,22,Low KD (<25%),Master Festive SEO Strategy (Week 8)
rudraksh gold bracelet,4400,22,Low KD (<25%),Master Festive SEO Strategy (Week 8)
pearl stud earrings,5400,22,Low KD (<25%),Master Festive SEO Strategy (Week 8)
10k gold chain,4400,22,Low KD (<25%),Master Festive SEO Strategy (Week 8)
diamond stone,4400,22,Low KD (<25%),Master Festive SEO Strategy (Week 8)
gold necklace for girls,4400,22,Low KD (<25%),Master Festive SEO Strategy (Week 8)
bridal ring design,6600,22,Low KD (<25%),Master Festive SEO Strategy (Week 8)
ring set,4400,22,Low KD (<25%),Master Festive SEO Strategy (Week 8)
chandelier earrings,4400,22,Low KD (<25%),Master Festive SEO Strategy (Week 8)
gents kada design,3600,22,Low KD (<25%),Master Festive SEO Strategy (Week 8)
red stone ring,4400,22,Low KD (<25%),Master Festive SEO Strategy (Week 8)
kids gold bracelet,4400,22,Low KD (<25%),Master Festive SEO Strategy (Week 8)
rose gold necklace,4400,22,Low KD (<25%),Master Festive SEO Strategy (Week 8)
stone rings for men,8100,22,Low KD (<25%),Master Festive SEO Strategy (Week 9)
pukhraj stone ring,6600,22,Low KD (<25%),Master Festive SEO Strategy (Week 9)
gold anklet,9900,22,Low KD (<25%),Master Festive SEO Strategy (Week 9)
long necklace,9900,22,Low KD (<25%),Master Festive SEO Strategy (Week 9)
ear piercing jewelry,9900,22,Low KD (<25%),Master Festive SEO Strategy (Week 9)
purple colour earrings,6600,22,Low KD (<25%),Master Festive SEO Strategy (Week 9)
gold stud,8100,22,Low KD (<25%),Master Festive SEO Strategy (Week 9)
casual daily wear gold bangle,4400,22,Low KD (<25%),Master Festive SEO Strategy (Week 9)
daily wear earrings,4400,22,Low KD (<25%),Master Festive SEO Strategy (Week 9)
white stone necklace,5400,22,Low KD (<25%),Master Festive SEO Strategy (Week 9)
black stone ring,4400,22,Low KD (<25%),Master Festive SEO Strategy (Week 9)
blue stone earrings,6600,22,Low KD (<25%),Master Festive SEO Strategy (Week 9)
white stone ring,3600,22,Low KD (<25%),Master Festive SEO Strategy (Week 9)
gemstone jewellery,4400,22,Low KD (<25%),Master Festive SEO Strategy (Week 9)
gold bangles for kids,5400,22,Low KD (<25%),Master Festive SEO Strategy (Week 9)
second stud gold earrings,5400,22,Low KD (<25%),Master Festive SEO Strategy (Week 9)
white stone earrings,3600,22,Low KD (<25%),Master Festive SEO Strategy (Week 9)
how to wear mugappu chain,5400,22,Low KD (<25%),Master Festive SEO Strategy (Week 9)
light weight gold bangles design,4400,22,Low KD (<25%),Master Festive SEO Strategy (Week 9)
gold hoop earrings,6600,22,Low KD (<25%),Master Festive SEO Strategy (Week 9)
green stone necklace,4400,22,Low KD (<25%),Master Festive SEO Strategy (Week 9)
light weight gold chain,3600,22,Low KD (<25%),Master Festive SEO Strategy (Week 9)
mens gold diamond ring,5400,22,Low KD (<25%),Master Festive SEO Strategy (Week 9)
stone jewellery,4400,22,Low KD (<25%),Master Festive SEO Strategy (Week 9)
stone necklace set,3600,22,Low KD (<25%),Master Festive SEO Strategy (Week 9)
princess cut diamond engagement rings,3600,22,Low KD (<25%),Master Festive SEO Strategy (Week 9)
childrens gold rings,5400,22,Low KD (<25%),Master Festive SEO Strategy (Week 9)
emerald stone ring,2900,22,Low KD (<25%),Master Festive SEO Strategy (Week 9)
ring finger size,3600,22,Low KD (<25%),Master Festive SEO Strategy (Week 9)
black ring,5400,22,Low KD (<25%),Master Festive SEO Strategy (Week 9)
white stone necklace set,3600,22,Low KD (<25%),Master Festive SEO Strategy (Week 9)
princess cut diamond ring,2900,22,Low KD (<25%),Master Festive SEO Strategy (Week 9)
white stone jewellery set,3600,22,Low KD (<25%),Master Festive SEO Strategy (Week 9)
stone chain,2900,22,Low KD (<25%),Master Festive SEO Strategy (Week 9)
jade jewellery,4400,22,Low KD (<25%),Master Festive SEO Strategy (Week 9)
white jhumka,3600,22,Low KD (<25%),Master Festive SEO Strategy (Week 9)
choker design gold,4400,22,Low KD (<25%),Master Festive SEO Strategy (Week 9)
one diamond ring,4400,22,Low KD (<25%),Master Festive SEO Strategy (Week 9)
light weight big gold pendant designs,2900,22,Low KD (<25%),Master Festive SEO Strategy (Week 9)
plain gold ring for men,4400,22,Low KD (<25%),Master Festive SEO Strategy (Week 9)
women's solitaire diamond rings,4400,22,Low KD (<25%),Master Festive SEO Strategy (Week 9)
light weight jewellery,2900,22,Low KD (<25%),Master Festive SEO Strategy (Week 9)
hallmark gold chain for men,2900,22,Low KD (<25%),Master Festive SEO Strategy (Week 9)
charm necklace,3600,22,Low KD (<25%),Master Festive SEO Strategy (Week 9)
red earrings,4400,22,Low KD (<25%),Master Festive SEO Strategy (Week 9)
daily wear short mangalsutra designs,2400,22,Low KD (<25%),Master Festive SEO Strategy (Week 9)
daily wear modern gold bangles design,2900,22,Low KD (<25%),Master Festive SEO Strategy (Week 9)
wedding ring finger,3600,22,Low KD (<25%),Master Festive SEO Strategy (Week 9)
amethyst stone ring,2400,22,Low KD (<25%),Master Festive SEO Strategy (Week 9)
light weight pearl gold choker,2400,22,Low KD (<25%),Master Festive SEO Strategy (Week 9)
gold pearl choker necklace,3600,22,Low KD (<25%),Master Festive SEO Strategy (Week 9)
stone stud earrings,2400,22,Low KD (<25%),Master Festive SEO Strategy (Week 9)
lightweight earrings,2900,22,Low KD (<25%),Master Festive SEO Strategy (Week 9)
modern light weight gold necklace designs,2400,22,Low KD (<25%),Master Festive SEO Strategy (Week 9)
stone pendant,2400,22,Low KD (<25%),Master Festive SEO Strategy (Week 9)
3 lari wala jhumka,4400,22,Low KD (<25%),Master Festive SEO Strategy (Week 9)
gemstone bracelets,2400,22,Low KD (<25%),Master Festive SEO Strategy (Week 9)
mens ring size chart,2900,22,Low KD (<25%),Master Festive SEO Strategy (Week 9)
yellow sapphire ring for men,2900,22,Low KD (<25%),Master Festive SEO Strategy (Week 9)
916 hallmark gold,3600,22,Low KD (<25%),Master Festive SEO Strategy (Week 9)
women chain,3600,22,Low KD (<25%),Master Festive SEO Strategy (Week 9)
gold stud earrings designs for daily use,3600,22,Low KD (<25%),Master Festive SEO Strategy (Week 9)
men's gold band rings,3600,22,Low KD (<25%),Master Festive SEO Strategy (Week 9)
yellow stone ring,2400,22,Low KD (<25%),Master Festive SEO Strategy (Week 9)
blue stone ring for men,3600,22,Low KD (<25%),Master Festive SEO Strategy (Week 9)
garba jewellery,2900,22,Low KD (<25%),Master Festive SEO Strategy (Week 9)
gold hoop earrings for women,3600,22,Low KD (<25%),Master Festive SEO Strategy (Week 9)
green emerald ring,2900,22,Low KD (<25%),Master Festive SEO Strategy (Week 9)
light earrings,2900,22,Low KD (<25%),Master Festive SEO Strategy (Week 9)
citrine bracelet benefits,2400,22,Low KD (<25%),Master Festive SEO Strategy (Week 9)
light weight gold earrings design,1900,22,Low KD (<25%),Master Festive SEO Strategy (Week 9)
wedding gold long necklace designs,2900,22,Low KD (<25%),Master Festive SEO Strategy (Week 9)
marriage ring finger,3600,22,Low KD (<25%),Master Festive SEO Strategy (Week 9)
neelam stone ring,2400,22,Low KD (<25%),Master Festive SEO Strategy (Week 9)
heart shape pendant,2900,22,Low KD (<25%),Master Festive SEO Strategy (Week 9)
ruby earrings,2900,22,Low KD (<25%),Master Festive SEO Strategy (Week 9)
blue sapphire ring for men,2900,22,Low KD (<25%),Master Festive SEO Strategy (Week 9)
indian gold earrings designs hoops,2900,22,Low KD (<25%),Master Festive SEO Strategy (Week 9)
modern gold long necklace designs,2900,22,Low KD (<25%),Master Festive SEO Strategy (Week 9)
multicolor earrings,2900,22,Low KD (<25%),Master Festive SEO Strategy (Week 9)
kids necklace,2900,22,Low KD (<25%),Master Festive SEO Strategy (Week 9)
rose gold bangle,2900,22,Low KD (<25%),Master Festive SEO Strategy (Week 9)
white stone necklace gold,1900,22,Low KD (<25%),Master Festive SEO Strategy (Week 9)
baby wearing earrings,1900,22,Low KD (<25%),Master Festive SEO Strategy (Week 9)
stone necklace for women,1900,22,Low KD (<25%),Master Festive SEO Strategy (Week 9)
modern vanki ring designs,2900,22,Low KD (<25%),Master Festive SEO Strategy (Week 9)
second stud,2900,22,Low KD (<25%),Master Festive SEO Strategy (Week 9)
panna stone ring,2400,22,Low KD (<25%),Master Festive SEO Strategy (Week 9)
daily wear gold earrings for women,1600,22,Low KD (<25%),Master Festive SEO Strategy (Week 9)
earring styles for guys,2900,22,Low KD (<25%),Master Festive SEO Strategy (Week 9)
red coral ring,2900,22,Low KD (<25%),Master Festive SEO Strategy (Week 9)
tanzanite rings,2900,22,Low KD (<25%),Master Festive SEO Strategy (Week 9)
white stone bangles,1900,22,Low KD (<25%),Master Festive SEO Strategy (Week 9)
plain daily wear gold bangles,1900,22,Low KD (<25%),Master Festive SEO Strategy (Week 9)
stone nose ring,1900,22,Low KD (<25%),Master Festive SEO Strategy (Week 9)
small jhumka earrings gold,2400,22,Low KD (<25%),Master Festive SEO Strategy (Week 9)
long necklace for women,2900,22,Low KD (<25%),Master Festive SEO Strategy (Week 9)
neelam ring,2400,22,Low KD (<25%),Master Festive SEO Strategy (Week 9)
which is costly gold or platinum,2400,22,Low KD (<25%),Master Festive SEO Strategy (Week 9)
white necklace,2900,22,Low KD (<25%),Master Festive SEO Strategy (Week 9)
small daily wear gold earrings,1600,22,Low KD (<25%),Master Festive SEO Strategy (Week 9)
stone nose pin,1900,22,Low KD (<25%),Master Festive SEO Strategy (Week 9)
emerald ring gold,2400,22,Low KD (<25%),Master Festive SEO Strategy (Week 9)
citrine jewelry,2900,22,Low KD (<25%),Master Festive SEO Strategy (Week 9)
white jewellery set,2900,22,Low KD (<25%),Master Festive SEO Strategy (Week 9)
green stone earrings,1900,22,Low KD (<25%),Master Festive SEO Strategy (Week 9)
emerald bracelet,2400,22,Low KD (<25%),Master Festive SEO Strategy (Week 9)
pukhraj gold ring,1900,22,Low KD (<25%),Master Festive SEO Strategy (Week 9)
jhumka gold design,2900,22,Low KD (<25%),Master Festive SEO Strategy (Week 9)
black stone ring for men,2400,22,Low KD (<25%),Master Festive SEO Strategy (Week 9)
emerald cut diamond ring,1600,22,Low KD (<25%),Master Festive SEO Strategy (Week 9)
golden colour earrings,1900,22,Low KD (<25%),Master Festive SEO Strategy (Week 9)
anklets for women gold,2400,22,Low KD (<25%),Master Festive SEO Strategy (Week 9)
black saree jewellery,2900,22,Low KD (<25%),Master Festive SEO Strategy (Week 9)
green neck from chain,2900,22,Low KD (<25%),Master Festive SEO Strategy (Week 9)
ruby stone ring design for ladies,1600,22,Low KD (<25%),Master Festive SEO Strategy (Week 9)
green colour earrings,1900,22,Low KD (<25%),Master Festive SEO Strategy (Week 9)
mangalsutra in english,2900,22,Low KD (<25%),Master Festive SEO Strategy (Week 9)
women's gold bangles design,2900,22,Low KD (<25%),Master Festive SEO Strategy (Week 9)
green stone jewellery set,1600,22,Low KD (<25%),Master Festive SEO Strategy (Week 9)
emerald pendant,2400,22,Low KD (<25%),Master Festive SEO Strategy (Week 9)
marriage gold chain designs for ladies,2400,22,Low KD (<25%),Master Festive SEO Strategy (Week 9)
emerald diamond necklace,1900,22,Low KD (<25%),Master Festive SEO Strategy (Week 9)
emerald necklace set,1900,22,Low KD (<25%),Master Festive SEO Strategy (Week 9)
sky blue saree matching jewellery,1900,22,Low KD (<25%),Master Festive SEO Strategy (Week 9)
office wear earrings,1300,22,Low KD (<25%),Master Festive SEO Strategy (Week 9)
moti jewellery set,2400,22,Low KD (<25%),Master Festive SEO Strategy (Week 9)
pink stone rings,1600,22,Low KD (<25%),Master Festive SEO Strategy (Week 9)
red stone necklace,1900,22,Low KD (<25%),Master Festive SEO Strategy (Week 9)
blue stone necklace,2400,22,Low KD (<25%),Master Festive SEO Strategy (Week 9)
single stone diamond ring,1600,22,Low KD (<25%),Master Festive SEO Strategy (Week 9)
single stone gold ring,1600,22,Low KD (<25%),Master Festive SEO Strategy (Week 9)
single stone earrings,1600,22,Low KD (<25%),Master Festive SEO Strategy (Week 9)
mens gold wedding rings,2400,22,Low KD (<25%),Master Festive SEO Strategy (Week 9)
red necklace,1900,22,Low KD (<25%),Master Festive SEO Strategy (Week 9)
red jewellery set,2400,22,Low KD (<25%),Master Festive SEO Strategy (Week 9)
gold earrings small size,1300,22,Low KD (<25%),Master Festive SEO Strategy (Week 9)
custom rings,2400,22,Low KD (<25%),Master Festive SEO Strategy (Week 9)
light weight gold ring,1300,22,Low KD (<25%),Master Festive SEO Strategy (Week 9)
stone ring design for female,1300,22,Low KD (<25%),Master Festive SEO Strategy (Week 9)
girls choker necklace,2400,22,Low KD (<25%),Master Festive SEO Strategy (Week 9)
second top earrings,2400,22,Low KD (<25%),Master Festive SEO Strategy (Week 9)
gemstone necklace,1300,22,Low KD (<25%),Master Festive SEO Strategy (Week 9)
white stone jewellery,1600,22,Low KD (<25%),Master Festive SEO Strategy (Week 9)
black ring for girl,2400,22,Low KD (<25%),Master Festive SEO Strategy (Week 9)
daily wear diamond mangalsutra,1600,22,Low KD (<25%),Master Festive SEO Strategy (Week 9)
18k gold bracelet for men,1900,22,Low KD (<25%),Master Festive SEO Strategy (Week 9)
emerald jewelry set,1900,22,Low KD (<25%),Master Festive SEO Strategy (Week 9)
zodiac bracelets,1600,22,Low KD (<25%),Master Festive SEO Strategy (Week 9)
jewellery weight machine,1300,22,Low KD (<25%),Master Festive SEO Strategy (Week 9)
ankle bracelet,2400,22,Low KD (<25%),Master Festive SEO Strategy (Week 9)
gold covering jewellery,1900,22,Low KD (<25%),Master Festive SEO Strategy (Week 9)
ring size chart mm,1600,22,Low KD (<25%),Master Festive SEO Strategy (Week 9)
white necklace set,1900,22,Low KD (<25%),Master Festive SEO Strategy (Week 9)
womens gold bangle bracelets,2400,22,Low KD (<25%),Master Festive SEO Strategy (Week 9)
pink colour earrings,1600,22,Low KD (<25%),Master Festive SEO Strategy (Week 9)
ad stone earrings,1600,22,Low KD (<25%),Master Festive SEO Strategy (Week 9)
gomed gemstone,1600,22,Low KD (<25%),Master Festive SEO Strategy (Week 9)
red stone earrings,1300,22,Low KD (<25%),Master Festive SEO Strategy (Week 9)
pure gold gold choker necklace with weight,1300,22,Low KD (<25%),Master Festive SEO Strategy (Week 9)
2 tola mangalsutra design,1600,22,Low KD (<25%),Master Festive SEO Strategy (Week 9)
diamond necklace for bride,1900,22,Low KD (<25%),Master Festive SEO Strategy (Week 9)
matching jewellery for purple saree,1900,22,Low KD (<25%),Master Festive SEO Strategy (Week 9)
blue sapphire ring for women,1600,22,Low KD (<25%),Master Festive SEO Strategy (Week 9)
stone choker necklace,1300,22,Low KD (<25%),Master Festive SEO Strategy (Week 9)
ladies wearing mangalsutra,1300,22,Low KD (<25%),Master Festive SEO Strategy (Week 9)
uncut diamond necklace,1900,22,Low KD (<25%),Master Festive SEO Strategy (Week 9)
engagement ring finger for girl,1600,22,Low KD (<25%),Master Festive SEO Strategy (Week 9)
golden jhumka for women,1600,22,Low KD (<25%),Master Festive SEO Strategy (Week 9)
opal jewelry,1900,22,Low KD (<25%),Master Festive SEO Strategy (Week 9)
pink necklace,1900,22,Low KD (<25%),Master Festive SEO Strategy (Week 9)
male pukhraj ring design for man,1900,22,Low KD (<25%),Master Festive SEO Strategy (Week 9)
moonga stone ring,1600,22,Low KD (<25%),Master Festive SEO Strategy (Week 9)
garnet jewelry,1900,22,Low KD (<25%),Master Festive SEO Strategy (Week 9)
choker jewellery,1900,22,Low KD (<25%),Master Festive SEO Strategy (Week 9)
womens red earrings,1900,22,Low KD (<25%),Master Festive SEO Strategy (Week 9)
gomed ring,1600,22,Low KD (<25%),Master Festive SEO Strategy (Week 9)
yellow sapphire gold ring,1300,22,Low KD (<25%),Master Festive SEO Strategy (Week 9)
daily use gold bangles,1600,22,Low KD (<25%),Master Festive SEO Strategy (Week 9)
daily wear earrings for women,1300,22,Low KD (<25%),Master Festive SEO Strategy (Week 9)
10 carat gold necklace,1900,22,Low KD (<25%),Master Festive SEO Strategy (Week 9)
black rings for women,1900,22,Low KD (<25%),Master Festive SEO Strategy (Week 9)
gold ring with blue stone,1900,22,Low KD (<25%),Master Festive SEO Strategy (Week 9)
jewellery with red saree,1900,22,Low KD (<25%),Master Festive SEO Strategy (Week 9)
amethyst gemstone,1600,22,Low KD (<25%),Master Festive SEO Strategy (Week 9)
emerald green jewelry,1600,22,Low KD (<25%),Master Festive SEO Strategy (Week 9)
unique bracelet for men gold,1600,22,Low KD (<25%),Master Festive SEO Strategy (Week 9)
infant baby gold earrings designs,1900,22,Low KD (<25%),Master Festive SEO Strategy (Week 9)
gomed stone ring,1600,22,Low KD (<25%),Master Festive SEO Strategy (Week 9)
green diamond ring,1600,22,Low KD (<25%),Master Festive SEO Strategy (Week 9)
hand mangalsutra gold,1600,22,Low KD (<25%),Master Festive SEO Strategy (Week 9)
thin gold chain for ladies,1600,22,Low KD (<25%),Master Festive SEO Strategy (Week 9)
how to calculate gold making charges,1300,22,Low KD (<25%),Master Festive SEO Strategy (Week 9)
neelam ring for men,1300,22,Low KD (<25%),Master Festive SEO Strategy (Week 9)
green bracelet,1900,22,Low KD (<25%),Master Festive SEO Strategy (Week 9)
14 karat gold bangles,1600,22,Low KD (<25%),Master Festive SEO Strategy (Week 9)
venus gemstone,1300,22,Low KD (<25%),Master Festive SEO Strategy (Week 9)
rhinestone earrings,1900,22,Low KD (<25%),Master Festive SEO Strategy (Week 9)
modern gold choker necklace,1600,22,Low KD (<25%),Master Festive SEO Strategy (Week 9)
munga ring,1600,22,Low KD (<25%),Master Festive SEO Strategy (Week 9)
