WP_ID,Title,URL,Published_Date,Indexed_Status,Impressions,Clicks,Position,Top_10_Rank,AIO_Snippet_Eligible
34286,Eid ul Fitr Happy Eid Mubarak Wishes for 2026,https://blog.bluestone.com/eid-ul-fitr-happy-eid-mubarak-wishes-2026/,"Aug 12, 2026",Pending Index,0,0,N/A,No,No
34275,Deepawali Messages in English for 2026,https://blog.bluestone.com/deepawali-message-in-english-2026/,"Aug 12, 2026",Pending Index,0,0,N/A,No,No
34264,Happy Mother’s Day Wishes for All Moms in 2026,https://blog.bluestone.com/happy-mothers-day-wishes-for-all-moms-2026/,"Aug 12, 2026",Pending Index,0,0,N/A,No,No
34253,"Ganapati Visarjan Quotes, Captions and Messages for 2026",https://blog.bluestone.com/ganapati-visarjan-quote-2026/,"Aug 12, 2026",Pending Index,0,0,N/A,No,No
34242,"Teachers Day Slogans, Wishes and Messages for 2026",https://blog.bluestone.com/teachers-day-slogan-2026/,"Aug 12, 2026",Pending Index,0,0,N/A,No,No
34231,How to Wish Eid Mubarak: Messages and Replies for 2026,https://blog.bluestone.com/how-to-wish-eid-mubarak-2026/,"Aug 11, 2026",Pending Index,0,0,N/A,No,No
34220,Friendship Wishes for Best Friend: Messages for 2026,https://blog.bluestone.com/friendship-wishes-for-best-friend-2026/,"Aug 11, 2026",Pending Index,0,0,N/A,No,No
34208,Happy Valentine Day Msg: Wishes for Everyone in 2027,https://blog.bluestone.com/happy-valentine-day-msg-2027/,"Aug 11, 2026",Pending Index,0,0,N/A,No,No
34197,New Year Messages for a Special Someone: Wishes for 2027,https://blog.bluestone.com/new-year-messages-for-special-someone-2027/,"Aug 11, 2026",Pending Index,0,0,N/A,No,No
34186,Mother’s Day Quotes from Daughter: Heartfelt Wishes for 2026,https://blog.bluestone.com/mothers-day-quotes-from-daughter-2026/,"Aug 11, 2026",Pending Index,0,0,N/A,No,No
34171,Heart Touching Happy Mother’s Day Quotes and Wishes for 2026,https://blog.bluestone.com/heart-touching-happy-mothers-day-quotes-2026/,"Aug 11, 2026",Pending Index,0,0,N/A,No,No
34157,"Wishing Happy Friendship Day: Quotes, Wishes and Messages for 2026",https://blog.bluestone.com/wishing-happy-friendship-day-quotes-2026/,"Aug 11, 2026",Pending Index,0,0,N/A,No,No
34146,Best Day to Propose to Your Crush in 2027: Lines and Timing Tips,https://blog.bluestone.com/best-day-to-propose-my-crush-2027/,"Aug 10, 2026",Pending Index,0,0,N/A,No,No
34100,New Year Wishes for Wife 2026: Romantic Messages and Quotes,https://blog.bluestone.com/new-year-wishes-for-wife-2026/,"Aug 09, 2026",Pending Index,0,0,N/A,No,No
34099,Teachers Day Quotes for Kids 2026: Wishes and Messages,https://blog.bluestone.com/teachers-day-quotes-for-kids-2026/,"Aug 09, 2026",Pending Index,0,0,N/A,No,No
34076,Heart Touching Valentine’s Day Quotes for Him 2027,https://blog.bluestone.com/heart-touching-valentines-day-quotes-for-him-2027/,"Aug 09, 2026",Pending Index,0,0,N/A,No,No
34075,Amma Quotes 2026: Heartfelt Messages and Love Quotes,https://blog.bluestone.com/amma-quotes-2026/,"Aug 09, 2026",Pending Index,0,0,N/A,No,No
34054,Valentine Quotes for Friends 2027: Wishes and Messages,https://blog.bluestone.com/valentine-quotes-for-friends-2027/,"Aug 09, 2026",Pending Index,0,0,N/A,No,No
34053,"Happy Raksha Wishes 2026: Messages, Quotes and Greetings",https://blog.bluestone.com/happy-raksha-wishes-2026/,"Aug 09, 2026",Pending Index,0,0,N/A,No,No
34030,Propose Lines for GF 2027: Romantic Messages and Proposal Quotes,https://blog.bluestone.com/propose-lines-for-gf-2027/,"Aug 09, 2026",Pending Index,0,0,N/A,No,No
34029,"Bijoya Dashami Wishes 2026: Messages, Quotes and Greetings",https://blog.bluestone.com/bijoya-dashami-wishes-2026/,"Aug 09, 2026",Pending Index,0,0,N/A,No,No
34008,"New Year Shayari in English 2026: Wishes, Quotes and Messages",https://blog.bluestone.com/new-year-shayari-in-english-2026/,"Aug 09, 2026",Pending Index,0,0,N/A,No,No
34007,Inspirational Janmashtami Quotes in English 2026: Krishna Wishes and Messages,https://blog.bluestone.com/inspirational-janmashtami-quotes-in-english-2026/,"Aug 09, 2026",Pending Index,0,0,N/A,No,No
33975,Powerful Ganesh Quotes for Life 2026: Inspirational Ganesha Messages,https://blog.bluestone.com/powerful-ganesh-quotes-life-2026/,"Aug 07, 2026",Pending Index,0,0,N/A,No,No
33974,Rakhee Messages 2026: Heartfelt Raksha Bandhan Wishes and Quotes,https://blog.bluestone.com/rakhee-messages-2026/,"Aug 07, 2026",Indexed,1,1,1,Yes,Yes
33904,Diwali Wishes in English 2 Lines 2026: Short Messages and Greetings,https://blog.bluestone.com/diwali-wishes-in-english-2-lines-2026/,"Aug 07, 2026",Pending Index,0,0,N/A,No,No
33903,"Eid Wishes in Arabic 2026: Eid Mubarak Messages, Quotes and Greetings",https://blog.bluestone.com/eid-wishes-in-arabic-2026/,"Aug 07, 2026",Indexed,3,0,57,No,No
33830,"Some Lines on Teachers Day 2026: Wishes, Quotes and Messages",https://blog.bluestone.com/some-lines-on-teachers-day-2026/,"Aug 07, 2026",Pending Index,0,0,N/A,No,No
33829,"Ramadan Mubarak Quotes 2026: Wishes, Messages and Captions",https://blog.bluestone.com/ramadan-mubarak-quotes-2026/,"Aug 07, 2026",Pending Index,0,0,N/A,No,No
33792,"How to Wish for Engagement 2026: Messages, Ideas and Replies",https://blog.bluestone.com/how-to-wish-for-engagement-2026/,"Aug 07, 2026",Pending Index,0,0,N/A,No,No
33791,Happy Children’s Day Wishes from Teachers 2027: Messages and Quotes,https://blog.bluestone.com/happy-childrens-day-wishes-from-teachers-2027/,"Aug 07, 2026",Pending Index,0,0,N/A,No,No
33729,"Janmashtami Quotes in English 2026: Wishes, Captions and Status",https://blog.bluestone.com/janmashtami-quotes-english-2026/,"Aug 07, 2026",Pending Index,0,0,N/A,No,No
33728,"Diwali Well Wishes 2026: Heartfelt Messages, Greetings and Quotes",https://blog.bluestone.com/diwali-well-wishes-2026/,"Aug 07, 2026",Pending Index,0,0,N/A,No,No
33693,"Ganpati Quotes in English 2026: Wishes, Status and Captions",https://blog.bluestone.com/ganpati-quotes-in-english-2026/,"Aug 07, 2026",Indexed,62,2,7.6,Yes,Yes
33692,Special Person Happy Eid Mubarak Wishes 2026,https://blog.bluestone.com/special-person-happy-eid-mubarak-wishes-2026/,"Aug 07, 2026",Pending Index,0,0,N/A,No,No
33680,"Eid Greetings for Friends 2026: Wishes, Quotes and Messages",https://blog.bluestone.com/eid-greetings-for-friends-2026/,"Aug 07, 2026",Pending Index,0,0,N/A,No,No
33666,How to Propose a Boy 2027: Cute Ideas and Proposal Lines,https://blog.bluestone.com/propose-a-boy-2027/,"Aug 07, 2026",Pending Index,0,0,N/A,No,No
33642,Raksha Bandhan Captions for Instagram 2026: 100+ Rakhi Lines,https://blog.bluestone.com/raksha-bandhan-caption-for-instagram-2026/,"Aug 07, 2026",Indexed,1,0,1,Yes,Yes
33641,Proposal Lines for BF 2027: Romantic Messages and Quotes,https://blog.bluestone.com/proposal-lines-for-bf-2027/,"Aug 07, 2026",Pending Index,0,0,N/A,No,No
33614,Engagement Wishes for Brother 2026: Messages and Quotes,https://blog.bluestone.com/engagement-wishes-for-brother-2026/,"Aug 06, 2026",Pending Index,0,0,N/A,No,No
33613,Heart Touching Love Proposal Quotes 2027: Romantic Messages,https://blog.bluestone.com/heart-touching-love-proposal-quotes-2027-2/,"Aug 06, 2026",Indexed,3,0,9,Yes,Yes
33588,Rakhi Message for Long Distance Brother 2026: Wishes and Quotes,https://blog.bluestone.com/rakhi-message-for-long-distance-brother-2026/,"Aug 06, 2026",Indexed,4,1,6.5,Yes,Yes
33587,Heart Touching Women’s Day Quotes 2027: Messages and Wishes,https://blog.bluestone.com/heart-touching-womens-day-quotes-2027/,"Aug 06, 2026",Pending Index,0,0,N/A,No,No
33563,Finally Engaged Quotes 2026: Wishes and Congratulations,https://blog.bluestone.com/finally-engaged-quotes-2026/,"Aug 06, 2026",Pending Index,0,0,N/A,No,No
33562,Valentine Week Happy Propose Day Quotes 2027: Wishes and Messages,https://blog.bluestone.com/valentine-week-happy-propose-day-quotes-2027/,"Aug 06, 2026",Pending Index,0,0,N/A,No,No
33528,Inspirational Independence Day Quotes 2026: Wishes and Captions,https://blog.bluestone.com/inspirational-independence-day-quotes-2026/,"Aug 06, 2026",Indexed,383,8,9.3,Yes,Yes
33527,Children’s Day Quotes for Students 2026: Wishes and Messages,https://blog.bluestone.com/childrens-day-quotes-for-students-2026/,"Aug 06, 2026",Pending Index,0,0,N/A,No,No
33494,Republic Day Quotes in English 2027: Wishes and Captions,https://blog.bluestone.com/republic-day-quotes-in-english-2027/,"Aug 06, 2026",Pending Index,0,0,N/A,No,No
33493,Ganesh Invitation Message 2026: Wording and Wishes,https://blog.bluestone.com/ganesh-invitation-message-2026/,"Aug 06, 2026",Indexed,1,1,1,Yes,Yes
33480,Inspirational Teachers Day Quotes 2026: Wishes and Messages,https://blog.bluestone.com/inspirational-teachers-day-quotes-2026/,"Aug 06, 2026",Pending Index,0,0,N/A,No,No
33467,Ganesh Chaturthi Wishes in Kannada 2026: Quotes and Messages,https://blog.bluestone.com/ganesh-chaturthi-wishes-in-kannada-2026/,"Aug 06, 2026",Indexed,19,1,5.3,Yes,Yes
33458,Unique Diwali Quotes in English 2026: Messages,https://blog.bluestone.com/unique-diwali-quotes-in-english-2026/,"Aug 06, 2026",Pending Index,0,0,N/A,No,No
33451,Raksha Bandhan Quotes for Sister 2026: Wishes,https://blog.bluestone.com/raksha-bandhan-quotes-for-sister-2026/,"Aug 06, 2026",Pending Index,0,0,N/A,No,No
33445,Maa Ke Liye Best Line in English 2026: Quotes,https://blog.bluestone.com/maa-ke-liye-best-line-in-english-2026/,"Aug 06, 2026",Pending Index,0,0,N/A,No,No
33439,Ganpati Captions for Instagram 2026: Quotes and Wishes,https://blog.bluestone.com/ganpati-captions-for-instagram-2026/,"Aug 06, 2026",Indexed,100,2,6.3,Yes,Yes
33429,Happy Diwali Wishes for Friends 2026: Messages,https://blog.bluestone.com/happy-diwali-wishes-for-friends-2026/,"Aug 06, 2026",Pending Index,0,0,N/A,No,No
33422,Diwali Wishes for Husband 2026: Romantic Messages,https://blog.bluestone.com/diwali-wishes-for-husband-2026/,"Aug 06, 2026",Indexed,2,0,12,No,Yes
33416,Engagement Wishes for Sister 2026: Messages and Quotes,https://blog.bluestone.com/engagement-wishes-for-sister-2026/,"Aug 06, 2026",Pending Index,0,0,N/A,No,No
33409,Propose Shayari in English 2027: Romantic Lines and Messages,https://blog.bluestone.com/propose-shayari-in-english-2027/,"Aug 06, 2026",Pending Index,0,0,N/A,No,No
33402,Children’s Day Quotes in English 2027: Wishes and Messages,https://blog.bluestone.com/childrens-day-quotes-in-english-2027/,"Aug 05, 2026",Pending Index,0,0,N/A,No,No
33390,"Happy Holi Wishes in English 2027: Messages, Quotes and Greetings",https://blog.bluestone.com/happy-holi-wishes-in-english-2027/,"Aug 05, 2026",Indexed,2,0,52,No,No
33212,Thank You Card Making Ideas: Easy Designs and Messages 2026,https://blog.bluestone.com/thank-you-card-making-ideas-2026-3/,"Aug 03, 2026",Pending Index,0,0,N/A,No,No
33205,Friend Make Sentence: Easy Examples and Meaning for Students 2026,https://blog.bluestone.com/friend-make-sentence-2026-3/,"Aug 03, 2026",Indexed,0,0,N/A,No,No
33198,I Love You Maa Photo Ideas: Captions and Messages for Mom 2026,https://blog.bluestone.com/i-love-you-maa-photo-2026-3/,"Aug 03, 2026",Pending Index,0,0,N/A,No,No
33186,"Best Friends Group Photo Ideas: Poses, Captions and Memories 2026",https://blog.bluestone.com/best-friends-group-photo-2026-3/,"Aug 03, 2026",Pending Index,0,0,N/A,No,No
33142,Friends Images for Instagram Highlights: Cover and Story Ideas 2026,https://blog.bluestone.com/friends-highlight-cover-2026-2/,"Aug 03, 2026",Indexed,412,0,6.7,Yes,Yes
33114,Motivational Proverbs in English: Short Lines and Meanings 2026,https://blog.bluestone.com/motivational-proverbs-in-english/,"Aug 03, 2026",Pending Index,0,0,N/A,No,No
33006,Beautiful Words for My Daughter: Loving Messages and Captions 2026,https://blog.bluestone.com/beautiful-words-for-my-daughter/,"Aug 03, 2026",Pending Index,0,0,N/A,No,No
33005,Realisation Quotes: Thoughtful Lines About Growth and Perspective 2026,https://blog.bluestone.com/realisation-quotes/,"Aug 03, 2026",Pending Index,0,0,N/A,No,No
33004,"Wish Card Ideas: Personal Messages, Designs and Gift Pairings 2026",https://blog.bluestone.com/wish-card/,"Aug 03, 2026",Pending Index,0,0,N/A,No,No
33003,Love Quotes Images: Romantic Lines and Status Ideas to Share 2026,https://blog.bluestone.com/love-quotes-images/,"Aug 03, 2026",Indexed,2,0,18.5,No,No
33002,Friends Wedding Captions for Instagram: Heartfelt and Fun Lines 2026,https://blog.bluestone.com/friends-wedding-captions-for-instagram/,"Aug 03, 2026",Pending Index,0,0,N/A,No,No
32997,Good Comments for Friends Pictures on Instagram 2026,https://blog.bluestone.com/bestie-captions-for-instagram-2026/,"Jul 31, 2026",Indexed,228,5,8.7,Yes,Yes
32970,Bhaiya Bhabhi Quotes in English: Heartfelt Messages and Captions 2026,https://blog.bluestone.com/bhaiya-bhabhi-quotes-in-english/,"Jul 31, 2026",Indexed,364,2,7.5,Yes,Yes
32969,Motivational Quotes Book: Inspiring Lines to Read and Share 2026,https://blog.bluestone.com/motivational-quotes-book/,"Jul 31, 2026",Pending Index,0,0,N/A,No,No
32968,Birthday Wishes for Senior: Respectful Messages and Captions 2026,https://blog.bluestone.com/birthday-wishes-for-senior/,"Jul 31, 2026",Pending Index,0,0,N/A,No,No
32967,Happy Birthday Tai Wishes: Sweet Messages for Your Younger Sister 2026,https://blog.bluestone.com/happy-birthday-tai-wishes/,"Jul 31, 2026",Indexed,657,6,7.9,Yes,Yes
32962,Farewell Message for Seniors 2026: Heartfelt Lines,https://blog.bluestone.com/farewell-message-for-seniors-2026/,"Jul 31, 2026",Indexed,244,2,9.2,Yes,Yes
32926,Good Times Caption 2026: Short Happy Lines,https://blog.bluestone.com/good-times-caption-2026/,"Jul 31, 2026",Pending Index,0,0,N/A,No,No
32919,Friend Ko Birthday Wish: Warm Messages and Captions 2026,https://blog.bluestone.com/friend-ko-birthday-wish/,"Jul 31, 2026",Pending Index,0,0,N/A,No,No
32918,Birthday Wishes for Husband Indian: Loving Messages and Captions 2026,https://blog.bluestone.com/birthday-wishes-for-husband-indian/,"Jul 31, 2026",Pending Index,0,0,N/A,No,No
32917,"Happy Birthday Girl: Cute Wishes, Messages and Captions 2026",https://blog.bluestone.com/happy-birthday-girl/,"Jul 31, 2026",Pending Index,0,0,N/A,No,No
32916,Birthday Wishes for Girlfriend with Emojis: Loving Messages 2026,https://blog.bluestone.com/girlfriend-ko-birthday-wish-kaise-kare/,"Jul 31, 2026",Indexed,373,6,8.1,Yes,Yes
32915,Birthday Wishes for Women: Heartfelt Messages and Captions 2026,https://blog.bluestone.com/birthday-wishes-for-women/,"Jul 31, 2026",Pending Index,0,0,N/A,No,No
32889,Birthday Letter for Best Friend: Heartfelt Ideas and Examples 2026,https://blog.bluestone.com/birthday-letter-for-best-friend/,"Jul 31, 2026",Indexed,49,0,43.6,No,No
32888,Happy Birthday Wishes for Grandson: Sweet Messages 2026,https://blog.bluestone.com/birthday-wishes-for-grandson/,"Jul 31, 2026",Pending Index,0,0,N/A,No,No
32887,Bayko Birthday Wishes: Loving Messages and Captions 2026,https://blog.bluestone.com/bayko-birthday-wishes/,"Jul 31, 2026",Pending Index,0,0,N/A,No,No
32886,BF Ko Birthday Wish Kaise Kare in English: Loving Messages 2026,https://blog.bluestone.com/bf-ko-birthday-wish-kaise-kare-in-english/,"Jul 31, 2026",Indexed,0,0,N/A,No,No
32885,Short Birthday Message for Boyfriend That Will Make Him Cry: Heartfelt Ideas 2026,https://blog.bluestone.com/short-birthday-message-for-boyfriend-that-will-make-him-cry-2/,"Jul 31, 2026",Indexed,694,8,8.3,Yes,Yes
32880,Motivational Bio 2026: Student Success Quotes,https://blog.bluestone.com/student-success-motivational-quotes-2026/,"Jul 30, 2026",Indexed,2,1,1,Yes,Yes
32869,Busy People Quotes 2026: Short Lines for Life,https://blog.bluestone.com/busy-people-quotes-2026/,"Jul 30, 2026",Indexed,8,1,8.6,Yes,Yes
32825,Long Birthday Wishes for Boyfriend: Heart-Touching Messages 2026,https://blog.bluestone.com/short-birthday-message-for-boyfriend-that-will-make-him-cry/,"Jul 30, 2026",Indexed,0,0,N/A,No,No
32824,2nd Birthday Wishes for Boy: Sweet Messages and Ideas 2026,https://blog.bluestone.com/2nd-birthday-wishes-for-boy/,"Jul 30, 2026",Indexed,0,0,N/A,No,No
32823,Happy Birthday Chote Bhai Wishes: Messages and Captions 2026,https://blog.bluestone.com/happy-birthday-chote-bhai-wishes/,"Jul 30, 2026",Indexed,2885,15,9.7,Yes,Yes
32822,Birthday Wishes for Sali: Warm Messages and Captions 2026,https://blog.bluestone.com/birthday-wishes-for-sali/,"Jul 30, 2026",Indexed,253,8,9.9,Yes,Yes
32821,"Happy Birthday Cutie: Sweet Wishes, Messages and Ideas 2026",https://blog.bluestone.com/happy-birthday-cutie/,"Jul 30, 2026",Indexed,142,2,5.8,Yes,Yes
32816,Unity Quotes 2026: Short Lines on Togetherness,https://blog.bluestone.com/unity-quotes-2026/,"Jul 30, 2026",Indexed,0,0,N/A,No,No
32729,"Raksha Bandhan Post Ideas: Captions, Photos and Messages 2026",https://blog.bluestone.com/raksha-bandhan-post/,"Jul 30, 2026",Pending Index,0,0,N/A,No,No
32728,Raksha Bandhan Images of Brother and Sister: Ideas 2026,https://blog.bluestone.com/raksha-bandhan-images-brother-and-sister/,"Jul 30, 2026",Pending Index,0,0,N/A,No,No
32727,"Merry Christmas Writing: Wishes, Lettering and Card Ideas 2026",https://blog.bluestone.com/merry-christmas-writing/,"Jul 30, 2026",Pending Index,0,0,N/A,No,No
32726,Rakhi Images with Quotes: Messages and Sharing Ideas 2026,https://blog.bluestone.com/rakhi-images-with-quotes/,"Jul 30, 2026",Pending Index,0,0,N/A,No,No
32725,Friends Forever: Heartfelt Friendship Messages and Ideas 2026,https://blog.bluestone.com/friends-forever/,"Jul 30, 2026",Indexed,1,1,3,Yes,Yes
32701,Missing Mother Quotes 2026,https://blog.bluestone.com/missing-mother-quotes-2026/,"Jul 30, 2026",Indexed,4,1,7,Yes,Yes
32694,Happy Holidays Message 2026,https://blog.bluestone.com/happy-holidays-message-2026/,"Jul 30, 2026",Pending Index,0,0,N/A,No,No
32687,Diwali Greeting Card 2026,https://blog.bluestone.com/diwali-greeting-card-2026/,"Jul 30, 2026",Indexed,0,0,N/A,No,No
32680,Diwali Padwa Wishes 2026,https://blog.bluestone.com/diwali-padwa-wishes-2026/,"Jul 30, 2026",Pending Index,0,0,N/A,No,No
32653,National Best Friends Day Wishes 2026,https://blog.bluestone.com/national-best-friends-day-wishes-2026/,"Jul 30, 2026",Indexed,0,0,N/A,No,No
32646,Rakhi Greeting Card 2026,https://blog.bluestone.com/rakhi-greeting-card-2026/,"Jul 30, 2026",Indexed,2,1,8.5,Yes,Yes
32639,Diwali WhatsApp 2026,https://blog.bluestone.com/diwali-whatsapp-2026/,"Jul 30, 2026",Pending Index,0,0,N/A,No,No
32632,Happy Dev Diwali Wishes in English 2026,https://blog.bluestone.com/happy-dev-diwali-wishes-in-english-2026/,"Jul 30, 2026",Pending Index,0,0,N/A,No,No
32625,Happy Friendship Day Quotes 2026,https://blog.bluestone.com/happy-friendship-day-quotes-2026/,"Jul 30, 2026",Indexed,95,6,27.1,No,No
32574,"Teachers Day Logo Ideas, Meaning and Design Tips 2026",https://blog.bluestone.com/teachers-day-logo/,"Jul 30, 2026",Pending Index,0,0,N/A,No,No
32573,"New Year Wishes Card Ideas, Messages and Designs 2026",https://blog.bluestone.com/new-year-wishes/,"Jul 30, 2026",Pending Index,0,0,N/A,No,No
32572,"Raksha Bandhan Celebration Ideas, Date and Traditions 2026",https://blog.bluestone.com/raksha-bandhan-date/,"Jul 30, 2026",Pending Index,0,0,N/A,No,No
32571,"Raksha Bandhan Status Video Ideas, Captions and Messages 2026",https://blog.bluestone.com/raksha-bandhan-status-video/,"Jul 30, 2026",Pending Index,0,0,N/A,No,No
32570,"Happy Diwali Wishes in Hindi: Images, Messages and Ideas 2026",https://blog.bluestone.com/happy-diwali-wishes-in-hindi-images/,"Jul 30, 2026",Indexed,2,0,20.5,No,No
32569,Advance Happy Diwali 2026 Wishes,https://blog.bluestone.com/advance-happy-diwali-2026/,"Jul 30, 2026",Indexed,6,2,4.3,Yes,Yes
32562,Slogan on Diwali 2026,https://blog.bluestone.com/slogan-on-diwali-2026/,"Jul 30, 2026",Pending Index,0,0,N/A,No,No
32511,Happy Diwali Font Ideas for Cards and Posts 2026,https://blog.bluestone.com/happy-diwali-font/,"Jul 30, 2026",Indexed,0,0,N/A,No,No
32510,"Happy Diwali Calligraphy Ideas, Styles and Captions 2026",https://blog.bluestone.com/happy-diwali-calligraphy/,"Jul 30, 2026",Pending Index,0,0,N/A,No,No
32509,Diwali Wishes with Name: Personal Messages and Ideas 2026,https://blog.bluestone.com/diwali-wishes-with-name/,"Jul 30, 2026",Pending Index,0,0,N/A,No,No
32508,Diwali Greeting Card for School Project: Easy Ideas 2026,https://blog.bluestone.com/diwali-greeting-card-for-school-project/,"Jul 30, 2026",Indexed,0,0,N/A,No,No
32507,Teachers Day Invitation Card Ideas and Wording 2026,https://blog.bluestone.com/teachers-day-invitation-card/,"Jul 30, 2026",Indexed,0,0,N/A,No,No
32498,Pictures of Teachers Day Cards: Ideas and Messages 2026,https://blog.bluestone.com/pictures-of-teachers-day-card/,"Jul 30, 2026",Pending Index,0,0,N/A,No,No
32497,Congratulations for Becoming a Father: Warm Wishes 2026,https://blog.bluestone.com/congratulations-for-becoming-father/,"Jul 30, 2026",Indexed,515,5,10.7,No,Yes
32488,Happy International Friendship Day Quotes 2026,https://blog.bluestone.com/happy-international-friendship-day-quotes-2026/,"Jul 30, 2026",Indexed,435,5,12.5,No,Yes
32481,Romantic Diwali Wishes for Lover 2026,https://blog.bluestone.com/romantic-diwali-wishes-for-lover-2026/,"Jul 30, 2026",Indexed,0,0,N/A,No,No
32474,Diwali Background Ideas: Festive Photos and Designs 2026,https://blog.bluestone.com/diwali-background/,"Jul 30, 2026",Pending Index,0,0,N/A,No,No
32473,Teachers Day Stickers: Cute Messages and Ideas 2026,https://blog.bluestone.com/teachers-day-stickers/,"Jul 30, 2026",Pending Index,0,0,N/A,No,No
32464,Choti Diwali Images and Photo Ideas 2026,https://blog.bluestone.com/choti-diwali-images/,"Jul 30, 2026",Indexed,2,0,40,No,No
32463,"Diwali in Hindi: Wishes, Meaning and Ideas 2026",https://blog.bluestone.com/diwali-in-hindi/,"Jul 30, 2026",Indexed,0,0,N/A,No,No
32454,Raksha Bandhan Images and Photo Ideas 2026,https://blog.bluestone.com/raksha-bandhan-images-2026/,"Jul 30, 2026",Indexed,4,2,3.2,Yes,Yes
32447,Happy Teachers Day Design Ideas 2026,https://blog.bluestone.com/happy-teachers-day-design-2026/,"Jul 30, 2026",Pending Index,0,0,N/A,No,No
32432,About Mother in English: Heartfelt Lines and Wishes 2026,https://blog.bluestone.com/about-mother-in-english/,"Jul 29, 2026",Pending Index,0,0,N/A,No,No
32425,Diwali Frame Ideas: Festive Designs and Wishes 2026,https://blog.bluestone.com/diwali-frame/,"Jul 29, 2026",Pending Index,0,0,N/A,No,No
32410,Raksha Bandhan Shayari 2 Line: Heartfelt Wishes 2026,https://blog.bluestone.com/raksha-bandhan-shayari-2-line/,"Jul 28, 2026",Indexed,626,61,2.8,Yes,Yes
32403,Wish You Many Many Happy Birthday: Messages 2026,https://blog.bluestone.com/wish-you-many-many-happy-birthday/,"Jul 28, 2026",Indexed,0,0,N/A,No,No
32388,Birthday Card for Mother: Messages and Ideas for 2026,https://blog.bluestone.com/birthday-card-for-mother/,"Jul 28, 2026",Pending Index,0,0,N/A,No,No
32387,Thank You for the Lovely Gift: Messages and Replies 2026,https://blog.bluestone.com/thank-you-for-the-lovely-gift/,"Jul 28, 2026",Pending Index,0,0,N/A,No,No
32378,"Rakhi Meaning: The Story, Symbolism and Traditions in 2026",https://blog.bluestone.com/rakhi-meaning/,"Jul 28, 2026",Pending Index,0,0,N/A,No,No
32377,100+ Quotes for a Math Teacher to Inspire and Thank Them,https://blog.bluestone.com/quotes-for-a-math-teacher/,"Jul 28, 2026",Pending Index,0,0,N/A,No,No
32368,Greeting Card for Teacher: Ideas for Kids in 2026,https://blog.bluestone.com/greeting-card-for-teacher/,"Jul 28, 2026",Pending Index,0,0,N/A,No,No
32367,100+ Mother’s Day Slogans and Catchy Lines for 2026,https://blog.bluestone.com/mothers-day-slogan/,"Jul 28, 2026",Indexed,0,0,N/A,No,No
32358,100+ Mother’s Day Message Ideas for 2026,https://blog.bluestone.com/mothers-day-message/,"Jul 28, 2026",Indexed,613,0,68.6,No,No
32357,100+ Mother Card Messages and Greetings for 2026,https://blog.bluestone.com/mother-card/,"Jul 28, 2026",Indexed,0,0,N/A,No,No
32352,Happy Womens Day Wishes Quotes 2027,https://blog.bluestone.com/happy-womens-day-wishes-quotes-2027/,"Jul 28, 2026",Pending Index,0,0,N/A,No,No
32337,Vote of Thanks for Teachers Day: 50+ Lines and Speech 2026,https://blog.bluestone.com/vote-of-thanks-for-teachers-day/,"Jul 28, 2026",Indexed,3,0,20,No,No
32336,100+ Happy Diwali Images in Hindi: Shubh Diwali 2026,https://blog.bluestone.com/shubh-diwali/,"Jul 28, 2026",Pending Index,0,0,N/A,No,No
32319,Best Gift for Sister on Raksha Bandhan 2026,https://blog.bluestone.com/best-gift-for-sister-on-raksha-bandhan-2026/,"Jul 28, 2026",Pending Index,0,0,N/A,No,No
32312,Emotional Friendship Day Quotes 2026,https://blog.bluestone.com/emotional-friendship-day-quotes-2026/,"Jul 28, 2026",Indexed,87,2,8.0,Yes,Yes
32305,Thanksgiving Letter to Teacher: 50+ Thank You Notes 2026,https://blog.bluestone.com/thanksgiving-letter-to-teacher/,"Jul 28, 2026",Indexed,3,0,54,No,No
32304,"100+ Diwali Logo Ideas, Symbols & Design Inspiration 2026",https://blog.bluestone.com/diwali-logo/,"Jul 28, 2026",Indexed,0,0,N/A,No,No
32291,100+ Cute Rakhi Pics and Photo Ideas for 2026,https://blog.bluestone.com/rakhi-pic/,"Jul 28, 2026",Pending Index,0,0,N/A,No,No
32290,100+ Golden Wedding Anniversary Messages for 2026,https://blog.bluestone.com/golden-wedding-anniversary-messages/,"Jul 28, 2026",Pending Index,0,0,N/A,No,No
32289,Happy Rakhi Wishes to Brother 2026,https://blog.bluestone.com/happy-rakhi-wishes-to-brother-2026/,"Jul 28, 2026",Pending Index,0,0,N/A,No,No
32274,Teachers Day Speech in English for Kids: Easy 2026 Samples,https://blog.bluestone.com/teachers-day-speech/,"Jul 28, 2026",Pending Index,0,0,N/A,No,No
32273,"100+ Teachers Day Poster Ideas, Titles & Banner Designs 2026",https://blog.bluestone.com/teachers-day-poster/,"Jul 28, 2026",Indexed,1,1,5,Yes,Yes
32257,100+ Friendship Day Funny Quotes for 2026,https://blog.bluestone.com/friendship-day-funny-quotes-2026/,"Jul 28, 2026",Indexed,855,17,7.4,Yes,Yes
32256,100+ Happy Raksha Bandhan Reply to Sister Messages 2026,https://blog.bluestone.com/happy-raksha-bandhan-reply-to-sister-2026/,"Jul 28, 2026",Indexed,76,0,11.4,No,Yes
32237,100+ Happy Birthday Wishes for Mother-in-Law 2026,https://blog.bluestone.com/birthday-wishes-for-mother-in-law-2026/,"Jul 28, 2026",Indexed,1,1,9,Yes,Yes
32236,100+ Womens Day Wishes for Mother in 2026,https://blog.bluestone.com/womens-day-wish-for-mother-2026/,"Jul 28, 2026",Pending Index,0,0,N/A,No,No
32227,100+ Heart Touching Poem on Teacher in Hindi for 2026,https://blog.bluestone.com/heart-touching-poem-on-teacher-in-hindi-2026/,"Jul 28, 2026",Pending Index,0,0,N/A,No,No
32226,100+ Mother-in-Law Quotes: Heartfelt Messages for 2026,https://blog.bluestone.com/mother-in-law-quotes-2026/,"Jul 28, 2026",Pending Index,0,0,N/A,No,No
32216,Thanks Messages for Anniversary Wishes: 2026 Replies,https://blog.bluestone.com/thanks-message-for-anniversary-wishes-2026/,"Jul 28, 2026",Indexed,213,0,10.7,No,Yes
32215,100+ Diwalichya Shubhechha in Marathi for 2026,https://blog.bluestone.com/diwalichya-shubhechha-2026/,"Jul 28, 2026",Pending Index,0,0,N/A,No,No
32195,100+ Rakhi Captions for Instagram 2026: Short and Funny Lines,https://blog.bluestone.com/rakhi-captions-for-instagram-2026/,"Jul 28, 2026",Indexed,68,0,14.1,No,Yes
32194,Diwali Shayari 2 Line: Short Festive Lines for 2026,https://blog.bluestone.com/diwali-shayari-2-line-2026/,"Jul 28, 2026",Pending Index,0,0,N/A,No,No
32185,75+ Farewell Messages for Teachers: Warm Notes for 2026,https://blog.bluestone.com/farewell-message-for-teacher-2026/,"Jul 28, 2026",Indexed,2,0,28,No,No
32181,Best Rakhi Set Designs for 2026: Gifts for Every Sibling,https://blog.bluestone.com/rakhi-set-designs-2026/,"Jul 28, 2026",Indexed,9,2,2.8,Yes,Yes
32171,Happy Teachers Day Message 2026: Wishes and Status Lines,https://blog.bluestone.com/happy-teachers-day-message-2026/,"Jul 28, 2026",Pending Index,0,0,N/A,No,No
32164,Teachers Day Titles 2026: Catchy Lines for Cards and Posts,https://blog.bluestone.com/teachers-day-titles-2026/,"Jul 28, 2026",Indexed,7,1,10.4,No,Yes
32148,"Diwali Design Ideas 2026: Cards, Rangoli and Wishes",https://blog.bluestone.com/diwali-design-ideas-2026/,"Jul 28, 2026",Pending Index,0,0,N/A,No,No
32141,Teacher’s Day Speech in English: 10 Lines for 2026,https://blog.bluestone.com/teacher-day-speech-in-english-10-lines-2026/,"Jul 28, 2026",Indexed,83,2,11.7,No,Yes
32116,Teacher and Student Love Quotes: Respectful Bond Lines 2026,https://blog.bluestone.com/teacher-and-student-love-quotes-2026/,"Jul 28, 2026",Indexed,755,6,10.1,No,Yes
32109,Teachers Day Quotes in Marathi Language: Wishes & Messages 2026,https://blog.bluestone.com/teachers-day-quotes-in-marathi-language-2026/,"Jul 28, 2026",Indexed,142,3,9.2,Yes,Yes
32094,"Diwali Status Video Download: Ideas, Captions & Wishes 2026",https://blog.bluestone.com/diwali-status-video-download/,"Jul 27, 2026",Indexed,6,1,8.5,Yes,Yes
32091,"100+ Happy Diwali Stickers, Wishes & Ideas for 2026",https://blog.bluestone.com/happy-diwali-stickers/,"Jul 27, 2026",Pending Index,0,0,N/A,No,No
32068,"Teachers Day Essay: 120+ Lines, Ideas & Messages for 2026",https://blog.bluestone.com/happy-teachers-day-essay/,"Jul 27, 2026",Indexed,0,0,N/A,No,No
32045,Few Lines About Teacher: 120+ Messages to Say Thank You,https://blog.bluestone.com/few-lines-about-teacher/,"Jul 27, 2026",Pending Index,0,0,N/A,No,No
32002,Missing Friends Caption: 120+ Messages for Every Mood,https://blog.bluestone.com/missing-friends-caption/,"Jul 27, 2026",Indexed,1093,5,8.1,Yes,Yes
31983,Mother Son Quotes: 120+ Heartfelt Messages and Lines,https://blog.bluestone.com/mother-son-quotes/,"Jul 27, 2026",Indexed,23,0,39.3,No,No
31956,"Mother’s Day Photos: 120+ Ideas, Captions & Greetings",https://blog.bluestone.com/mothers-day-photos-2026/,"Jul 27, 2026",Pending Index,0,0,N/A,No,No
31940,"Diwali Wishes in Gujarati: 120+ Messages, Quotes & Captions",https://blog.bluestone.com/diwali-wishes-in-gujarati/,"Jul 27, 2026",Indexed,0,0,N/A,No,No
31898,Mother Daughter Captions for Instagram: 120+ Ideas,https://blog.bluestone.com/mother-daughter-captions-for-instagram/,"Jul 27, 2026",Indexed,122,0,12.5,No,Yes
31891,"Happy New Year Wishes Diwali: 120+ Greetings, Messages & Quotes",https://blog.bluestone.com/happy-new-year-wishes-diwali/,"Jul 27, 2026",Indexed,0,0,N/A,No,No
31844,Happy Birthday Wishes for Niece: 120+ Sweet Messages & Quotes,https://blog.bluestone.com/happy-birthday-wishes-for-niece/,"Jul 27, 2026",Indexed,165,1,40.7,No,No
31843,"Biblical Birthday Wishes: 120+ Blessings, Verses & Prayers",https://blog.bluestone.com/biblical-birthday-wishes/,"Jul 27, 2026",Indexed,250,0,54.9,No,No
31824,Diwali Quotes for Instagram 2026: Captions,https://blog.bluestone.com/diwali-quotes-for-instagram-2026/,"Jul 27, 2026",Indexed,0,0,N/A,No,No
31804,"Environment Friendly Diwali: 120+ Eco-Friendly Wishes, Ideas & Messages",https://blog.bluestone.com/environment-friendly-diwali/,"Jul 27, 2026",Pending Index,0,0,N/A,No,No
31787,100+ Teachers Day Card Messages and Ideas (2026),https://blog.bluestone.com/teachers-day-card-message/,"Jul 27, 2026",Indexed,31,0,34.9,No,No
31759,120+ Happy Birthday Jaan Wishes & Quotes (2026),https://blog.bluestone.com/happy-birthday-jaan-wishes/,"Jul 27, 2026",Indexed,850,16,8.8,Yes,Yes
31752,Happy Birthday Text Style: 120+ Stylish Birthday Messages,https://blog.bluestone.com/happy-birthday-text-style-2026/,"Jul 27, 2026",Indexed,114,2,28.9,No,No
31725,Belated Birthday Wishes for a Friend: 120+ Messages,https://blog.bluestone.com/belated-birthday-wishes-for-friend/,"Jul 27, 2026",Indexed,166,1,23.1,No,No
31718,Diwali Wishes and Quotes 2026: Messages,https://blog.bluestone.com/diwali-wishes-and-quotes-2026/,"Jul 27, 2026",Indexed,12,1,9.6,Yes,Yes
31676,Caption for Mom: 120+ Loving Mother Captions,https://blog.bluestone.com/caption-for-mom-2026/,"Jul 27, 2026",Pending Index,0,0,N/A,No,No
31649,Birthday Celebration Captions: 120+ Ideas for Every Moment,https://blog.bluestone.com/birthday-celebration-caption/,"Jul 27, 2026",Indexed,1,1,1,Yes,Yes
31630,Mummy Birthday Wishes: 120+ Loving Messages,https://blog.bluestone.com/mummy-birthday-wishes/,"Jul 27, 2026",Indexed,22,0,7.4,Yes,Yes
31616,Rakhi for Bhaiya Bhabhi 2026: Gift Ideas,https://blog.bluestone.com/rakhi-for-bhaiya-bhabhi-2026/,"Jul 27, 2026",Indexed,2,1,5,Yes,Yes
31596,"Happy Teachers Day 2026: Photos, Wishes and Messages",https://blog.bluestone.com/happy-teachers-day-photos-2026/,"Jul 27, 2026",Pending Index,0,0,N/A,No,No
31591,Heart Touching Birthday Wishes for Dad: 120+ Messages,https://blog.bluestone.com/heart-touching-birthday-wishes-for-dad/,"Jul 27, 2026",Indexed,32,0,51.3,No,No
31575,Teachers Day Wishes in Hindi 2026: शुभकामनाएं,https://blog.bluestone.com/teachers-day-wishes-in-hindi-2026/,"Jul 27, 2026",Indexed,1,0,1,Yes,Yes
31562,120+ Happy Birthday Manager Wishes and Messages,https://blog.bluestone.com/happy-birthday-manager/,"Jul 27, 2026",Indexed,30,0,23.7,No,No
31555,120+ Happy Birthday Wishes to a Colleague,https://blog.bluestone.com/birthday-wishes-for-colleague/,"Jul 27, 2026",Indexed,77,1,52.4,No,No
31542,"125+ New Year Small Quotes, Wishes and Messages for 2027",https://blog.bluestone.com/new-year-small-quotes-wishes-messages-2027/,"Jul 27, 2026",Indexed,4,1,15.2,No,No
31535,100+ Deep Heart Touching Quotes on Life and Love (2026),https://blog.bluestone.com/deep-heart-touching-quotes-2026/,"Jul 25, 2026",Indexed,5,1,2.6,Yes,Yes
31513,100+ Best Birthday Wishes for Mother in Hindi (2026),https://blog.bluestone.com/birthday-wishes-for-mother-in-hindi-2026/,"Jul 24, 2026",Indexed,2,0,10,Yes,Yes
31498,100+ Best Happy Diwali Images and Photo Downloads (2026),https://blog.bluestone.com/happy-diwali-images-2026/,"Jul 24, 2026",Pending Index,0,0,N/A,No,No
31491,Maternity Quotes 2026: Pregnancy and Motherhood Lines,https://blog.bluestone.com/maternity-quotes-2026/,"Jul 24, 2026",Indexed,0,0,N/A,No,No
31484,"110+ Images of Shubh Diwali, Deepawali Wishes and Shubhechha (2026)",https://blog.bluestone.com/deepawali-wishes-images-shubhechha-2026/,"Jul 24, 2026",Pending Index,0,0,N/A,No,No
31469,100+ Heart Touching Raksha Bandhan Wishes in Hindi (2026),https://blog.bluestone.com/raksha-bandhan-in-hindi-2026/,"Jul 24, 2026",Indexed,2,1,6,Yes,Yes
31450,100+ Best Diwali Wishes in Hindi and Shubhkamnaye (2026),https://blog.bluestone.com/diwali-wishes-in-hindi-2026/,"Jul 24, 2026",Pending Index,0,0,N/A,No,No
31443,Friendship Day Photos 2026: Happy Friendship Day Images,https://blog.bluestone.com/friendship-day-photos-2026/,"Jul 24, 2026",Indexed,2080,30,9.2,Yes,Yes
31436,"110+ Goodbye Messages for Friends, Managers and Colleagues (2026)",https://blog.bluestone.com/goodbye-messages-friends-managers-colleagues-2026/,"Jul 24, 2026",Indexed,1,0,1,Yes,Yes
31421,Mother Day Wish in Hindi 2026: Maa Ke Liye Wishes,https://blog.bluestone.com/mother-day-wish-in-hindi-2026/,"Jul 24, 2026",Pending Index,0,0,N/A,No,No
31406,New Year Wishes for Love 2026: Romantic Messages,https://blog.bluestone.com/new-year-wishes-for-love-2026/,"Jul 24, 2026",Indexed,0,0,N/A,No,No
31395,Raksha Bandhan Gifts for Brother 2026: Unique Ideas,https://blog.bluestone.com/raksha-bandhan-gifts-for-brother-2026/,"Jul 24, 2026",Pending Index,0,0,N/A,No,No
31384,Why We Celebrate Diwali 2026: Meaning and Story,https://blog.bluestone.com/why-we-celebrate-diwali-2026/,"Jul 24, 2026",Pending Index,0,0,N/A,No,No
31365,100+ Best Teachers Day Card Ideas and Wishes (2026),https://blog.bluestone.com/teachers-day-card-2026/,"Jul 24, 2026",Pending Index,0,0,N/A,No,No
31358,Thank You Note to Teacher 2026: Messages and Wishes,https://blog.bluestone.com/thank-you-note-to-teacher-2026/,"Jul 24, 2026",Indexed,0,0,N/A,No,No
31336,100+ Best Happy Birthday Wishes for Sister (2026),https://blog.bluestone.com/birthday-wishes-for-sister-2026/,"Jul 24, 2026",Indexed,193,2,7.4,Yes,Yes
31329,Mother Daughter Quotes 2026: Heart Touching Lines,https://blog.bluestone.com/mother-daughter-quotes-2026/,"Jul 24, 2026",Indexed,2,0,3,Yes,Yes
31318,100+ Best Behaviour Quotes and Sayings on Character (2026),https://blog.bluestone.com/behaviour-quotes-2026/,"Jul 24, 2026",Indexed,0,0,N/A,No,No
31307,100+ Best Happy Journey Wishes and Safe Travel Quotes (2026),https://blog.bluestone.com/happy-journey-wishes-2026/,"Jul 24, 2026",Indexed,575,2,10.0,Yes,Yes
31296,100+ Best Value Quotes and Sayings on Self Worth (2026),https://blog.bluestone.com/value-quotes-2026/,"Jul 24, 2026",Pending Index,0,0,N/A,No,No
31281,100+ Happy Birthday Wishes for Teacher Card (2026),https://blog.bluestone.com/greeting-card-for-teacher-birthday-2026/,"Jul 24, 2026",Pending Index,0,0,N/A,No,No
31264,100+ Best Happy Diwali ki Shubhkamnaye in Hindi (2026),https://blog.bluestone.com/diwali-ki-shubhkamnaye-in-hindi-2026/,"Jul 24, 2026",Pending Index,0,0,N/A,No,No
31253,100+ Best Hard Work Pays Off Quotes and Messages (2026),https://blog.bluestone.com/hard-work-pays-off-quotes-2026/,"Jul 24, 2026",Pending Index,0,0,N/A,No,No
31242,100+ Best Maa par Shayari and Mother Quotes in Hindi (2026),https://blog.bluestone.com/maa-par-shayari-2026/,"Jul 24, 2026",Indexed,0,0,N/A,No,No
31227,"100+ Happy Guru Purnima Wishes, Quotes and Messages (2026)",https://blog.bluestone.com/guru-purnima-quotes-2026/,"Jul 24, 2026",Indexed,966,30,9.0,Yes,Yes
31216,100+ Thought of the Day with Meaning for Students (2026),https://blog.bluestone.com/thought-of-the-day-with-meaning-2026/,"Jul 24, 2026",Pending Index,0,0,N/A,No,No
31209,100+ Happy New Year Wishes for Family and Friends (2026),https://blog.bluestone.com/new-year-wishes-for-family-2026/,"Jul 24, 2026",Pending Index,0,0,N/A,No,No
31193,Husband Birthday Wishes 2026: Romantic Messages,https://blog.bluestone.com/husband-birthday-wishes-2026/,"Jul 23, 2026",Indexed,0,0,N/A,No,No
31182,100+ Good Luck Wishes for New Jobs and Future Endeavours (2026),https://blog.bluestone.com/good-luck-wishes-2026/,"Jul 23, 2026",Indexed,19,0,4.4,Yes,Yes
31171,Birthday Wishes for Granddaughter 2026: Sweet Messages,https://blog.bluestone.com/birthday-wishes-for-granddaughter-2026/,"Jul 23, 2026",Indexed,2,1,10,Yes,Yes
31164,100+ Happy Friendship Day Shayari and Quotes (2026),https://blog.bluestone.com/friendship-day-shayari-2026/,"Jul 23, 2026",Indexed,573,17,10.3,No,Yes
31143,WhatsApp Birthday Wishes for Wife 2026: Romantic Lines,https://blog.bluestone.com/whatsapp-birthday-wishes-for-wife-2026/,"Jul 23, 2026",Indexed,65,3,24.3,No,No
31128,100+ Daughter Birthday Wishes in English for 2026,https://blog.bluestone.com/daughter-birthday-wishes-in-english-2026/,"Jul 23, 2026",Indexed,3,2,6,Yes,Yes
31121,Advance Birthday Wishes 2026: Early Messages for Friends,https://blog.bluestone.com/advance-happy-birthday-wishes-2026/,"Jul 23, 2026",Indexed,0,0,N/A,No,No
31110,100+ Congratulations Message for Promotion and Wishes (2026),https://blog.bluestone.com/congratulations-wishes-2026/,"Jul 23, 2026",Pending Index,0,0,N/A,No,No
31103,Heart Touching New Year Wishes for Friends 2027,https://blog.bluestone.com/heart-touching-new-year-wishes-for-friends-2027/,"Jul 23, 2026",Pending Index,0,0,N/A,No,No
31092,100+ Happy Birthday Writing Style Wishes & Birthday Quotes (2026),https://blog.bluestone.com/birthday-wishes-2026/,"Jul 23, 2026",Indexed,73,1,5.6,Yes,Yes
31064,"85+ Festive Happy Diwali Banner Designs, Backgrounds & Wishes (2026)",https://blog.bluestone.com/diwali-banner-2026/,"Jul 23, 2026",Pending Index,0,0,N/A,No,No
31047,"Happy Diwali Poster 2026: Design Ideas, Wishes and Captions",https://blog.bluestone.com/diwali-poster-2026/,"Jul 23, 2026",Pending Index,0,0,N/A,No,No
31028,100+ Heartfelt Birthday Wishes for Bhabhi (2026),https://blog.bluestone.com/birthday-wishes-for-bhabhi-2026/,"Jul 23, 2026",Indexed,1218,9,7.7,Yes,Yes
31015,Happy Birthday Wishes for Nephew 2026: Sweet and Funny Lines,https://blog.bluestone.com/birthday-wishes-for-nephew-2026/,"Jul 23, 2026",Pending Index,0,0,N/A,No,No
30984,Speedy Recovery Message 2026: Get Well Soon Wishes,https://blog.bluestone.com/speedy-recovery-message-2026-3/,"Jul 23, 2026",Pending Index,0,0,N/A,No,No
30977,"Humanity Quotes 2026: Kindness, Compassion and Goodness",https://blog.bluestone.com/humanity-quotes-2026-2/,"Jul 23, 2026",Indexed,0,0,N/A,No,No
30937,Raksha Bandhan Quotes in Hindi 2026: Wishes for Brother and Sister,https://blog.bluestone.com/raksha-bandhan-quotes-wishes-in-hindi-2026/,"Jul 23, 2026",Indexed,25,4,7,Yes,Yes
30926,120+ Birthday Wishes for Cousin Brother and Sister 2026,https://blog.bluestone.com/birthday-wishes-for-cousin-brother-sister-2026/,"Jul 23, 2026",Pending Index,0,0,N/A,No,No
30875,100+ Girlfriend Birthday Wishes in Hindi for 2026,https://blog.bluestone.com/girlfriend-birthday-wishes-in-hindi-2026/,"Jul 23, 2026",Indexed,578,15,10.9,No,Yes
30868,GF Ko Birthday Wish Kaise Kare in English 2026: How-To + 100+ Wishes,https://blog.bluestone.com/gf-ko-birthday-wish-kaise-kare-in-english-2026/,"Jul 23, 2026",Indexed,46,3,5.0,Yes,Yes
30861,100+ Advance Happy Birthday Wishes for Lover for 2026,https://blog.bluestone.com/advance-happy-birthday-wishes-for-lover-2026/,"Jul 23, 2026",Indexed,1572,14,8.8,Yes,Yes
30854,100+ Bete Ke Liye Birthday Wishes in English for 2026,https://blog.bluestone.com/bete-ke-liye-birthday-wishes-in-english-2026/,"Jul 23, 2026",Indexed,18934,163,8.5,Yes,Yes
30847,100+ 1 Month Birthday Wishes for Baby Boy for 2026,https://blog.bluestone.com/1-month-birthday-wishes-for-baby-boy-2026/,"Jul 23, 2026",Indexed,1721,10,7.6,Yes,Yes
30814,100+ Shayari on Teachers in Hindi for 2026,https://blog.bluestone.com/shayari-on-teachers-in-hindi-2026/,"Jul 23, 2026",Indexed,15,2,9,Yes,Yes
30807,100+ Exam Quotes and Best Wishes for Students for 2026,https://blog.bluestone.com/exam-quotes-wishes-for-students-2026/,"Jul 23, 2026",Pending Index,0,0,N/A,No,No
30800,100+ Sorry for Late Wishes Messages for 2026,https://blog.bluestone.com/sorry-for-late-wishes-2026/,"Jul 23, 2026",Indexed,21,2,14.2,No,Yes
30793,100+ Happy Birthday Big Brother Wishes for 2026,https://blog.bluestone.com/happy-birthday-big-brother-2026/,"Jul 23, 2026",Indexed,110,1,5.1,Yes,Yes
30786,"5 September Teachers Day 2026: Meaning, Wishes, and Messages",https://blog.bluestone.com/5-september-teachers-day-2026/,"Jul 23, 2026",Indexed,2907,0,8.5,Yes,Yes
30759,100+ Birthday Wishes for Best Friend Girl with Emojis for 2026,https://blog.bluestone.com/birthday-wishes-for-best-friend-girl-with-emojis-2026/,"Jul 20, 2026",Indexed,3067,56,6.6,Yes,Yes
30752,100+ Romantic Birthday Wishes for Husband in Marathi for 2026,https://blog.bluestone.com/romantic-birthday-wishes-for-husband-in-marathi-2026/,"Jul 20, 2026",Indexed,13,2,15.1,No,No
30745,100+ Thank You Messages for Birthday Wishes for 2026,https://blog.bluestone.com/thank-you-message-for-birthday-wishes-2026/,"Jul 20, 2026",Indexed,2,1,21,No,No
30734,100+ Crazy Friends Captions for Instagram for 2026,https://blog.bluestone.com/crazy-friends-captions-for-instagram-2026/,"Jul 20, 2026",Indexed,2859,12,10.4,No,Yes
30727,100+ Shayri for Best Friend in Hindi for 2026,https://blog.bluestone.com/shayri-for-best-friend-2026/,"Jul 20, 2026",Indexed,3,1,10,Yes,Yes
30700,100+ Happy Birthday Wishes for Uncle for 2026,https://blog.bluestone.com/happy-birthday-wishes-for-uncle-2026/,"Jul 20, 2026",Indexed,3,0,11,No,Yes
30693,100+ Birthday Wishes for Son in Law for 2026,https://blog.bluestone.com/birthday-wishes-for-son-in-law-2026/,"Jul 20, 2026",Indexed,6,1,2.5,Yes,Yes
30686,100+ Merry Christmas Wishes Christmas Quotes for 2026,https://blog.bluestone.com/christmas-wishes-quotes-messages-2026/,"Jul 20, 2026",Pending Index,0,0,N/A,No,No
30679,100+ Happy New Year Wishes for Teachers for 2027,https://blog.bluestone.com/happy-new-year-wish-for-teachers-2027/,"Jul 20, 2026",Indexed,0,0,N/A,No,No
30656,100+ Heart Touching Love Quotes for Husband for 2026,https://blog.bluestone.com/heart-touching-love-quotes-for-husband-2026/,"Jul 20, 2026",Indexed,27,5,11.7,No,Yes
30645,100+ Birthday Wishes for Principal for 2026,https://blog.bluestone.com/birthday-wishes-for-principal-2026/,"Jul 20, 2026",Indexed,603,4,10.3,No,Yes
30630,100+ Merry Christmas Wishes Quotes for 2026,https://blog.bluestone.com/merry-christmas-wishes-quotes-2026/,"Jul 20, 2026",Indexed,0,0,N/A,No,No
30618,100+ Birthday Status and Best Birthday Wishes for 2026,https://blog.bluestone.com/birthday-status-2026/,"Jul 20, 2026",Indexed,3,2,4,Yes,Yes
30607,"110+ Happy Birthday Sir Messages, Wishes and Quotes",https://blog.bluestone.com/happy-birthday-sir-message/,"Jul 20, 2026",Indexed,11305,124,4.0,Yes,Yes
30571,100+ Yari Status Hindi for 2026,https://blog.bluestone.com/yari-status-hindi-2026/,"Jul 20, 2026",Pending Index,0,0,N/A,No,No
30564,100+ Deepavali Wishes in Tamil for 2026,https://blog.bluestone.com/deepavali-wishes-in-tamil-2026/,"Jul 20, 2026",Indexed,7,0,16.1,No,No
30557,100+ 2 Line Dosti Status in English for 2026,https://blog.bluestone.com/2-line-dosti-status-in-english-2026/,"Jul 20, 2026",Indexed,0,0,N/A,No,No
30550,100+ Teachers Day Messages and Quotes for 2026,https://blog.bluestone.com/teachers-day-msg-2026/,"Jul 20, 2026",Pending Index,0,0,N/A,No,No
30543,100+ Mothers Day Thoughts and Quotes for 2027,https://blog.bluestone.com/mothers-day-thought-2027/,"Jul 20, 2026",Pending Index,0,0,N/A,No,No
30536,100+ First Birthday Wishes for Baby Girl for 2026,https://blog.bluestone.com/first-birthday-wishes-for-baby-girl-2026/,"Jul 20, 2026",Pending Index,0,0,N/A,No,No
30506,100+ Funny Friendship Shayari for 2026,https://blog.bluestone.com/funny-friendship-shayari-2026/,"Jul 19, 2026",Indexed,1,1,10,Yes,Yes
30499,100+ Happy Birthday to Myself Quotes for 2026,https://blog.bluestone.com/happy-birthday-to-myself-quotes-2026/,"Jul 19, 2026",Indexed,9,2,7,Yes,Yes
30492,100+ Rakhi Wishes and Quotes for 2026,https://blog.bluestone.com/rakhi-wishes-2026/,"Jul 19, 2026",Indexed,19,4,4.2,Yes,Yes
30485,100+ 1st Wedding Anniversary Wishes for 2026,https://blog.bluestone.com/1st-wedding-anniversary-wishes-2026/,"Jul 19, 2026",Indexed,6,2,4.5,Yes,Yes
30478,100+ Birthday Wishes for Ex Girlfriend for 2026,https://blog.bluestone.com/birthday-wishes-for-ex-girlfriend-2026/,"Jul 19, 2026",Indexed,8,1,7.8,Yes,Yes
30424,100+ Happy Diwali Messages for 2026,https://blog.bluestone.com/happy-diwali-message-2026/,"Jul 19, 2026",Pending Index,0,0,N/A,No,No
30417,100+ New Born Baby Status and Wishes for 2026,https://blog.bluestone.com/new-born-baby-status-2026/,"Jul 19, 2026",Indexed,20,2,2.1,Yes,Yes
30410,100+ Happy Birthday Wishes for Mama for 2026,https://blog.bluestone.com/happy-birthday-wishes-mama-2026/,"Jul 19, 2026",Indexed,1880,13,9.3,Yes,Yes
30403,100+ Happy Birthday Wishes for Teacher for 2026,https://blog.bluestone.com/happy-birthday-wishes-for-teacher-2026/,"Jul 19, 2026",Indexed,0,0,N/A,No,No
30396,100+ Birthday Wishes for Crush for 2026,https://blog.bluestone.com/birthday-wishes-for-crush-2026/,"Jul 19, 2026",Pending Index,0,0,N/A,No,No
30376,"Why Republic Day Is Celebrated: Meaning, History & Importance (2027)",https://blog.bluestone.com/why-republic-day-is-celebrated-2027/,"Jul 19, 2026",Indexed,25,0,3.3,Yes,Yes
30375,100+ Best Friend Shayari in English for 2026,https://blog.bluestone.com/best-friend-shayari-english-2026/,"Jul 19, 2026",Indexed,0,0,N/A,No,No
30362,100+ Emotional Daughter’s Day Quotes & Wishes for 2026,https://blog.bluestone.com/emotional-daughters-day-quotes-2026/,"Jul 19, 2026",Indexed,0,0,N/A,No,No
30351,100+ Chhath Puja Quotes in English for 2026,https://blog.bluestone.com/chhath-puja-quotes-in-english-2026/,"Jul 19, 2026",Indexed,87,2,7.1,Yes,Yes
30340,100+ Akshaya Tritiya Quotes & Wishes for 2027,https://blog.bluestone.com/akshaya-tritiya-quotes-wishes-2027/,"Jul 19, 2026",Indexed,0,0,N/A,No,No
30329,Gifts for Friends on Friendship Day 2026: Meaningful Jewellery Ideas,https://blog.bluestone.com/gifts-for-friends-on-friendship-day-2026/,"Jul 19, 2026",Pending Index,0,0,N/A,No,No
30318,Gift for Mother’s Day from Daughter 2027: Ideas She Will Treasure,https://blog.bluestone.com/gift-for-mothers-day-from-daughter-2027/,"Jul 19, 2026",Pending Index,0,0,N/A,No,No
30307,New Year Gift for Girlfriend 2027: Jewellery Ideas She Will Love,https://blog.bluestone.com/new-year-gift-for-girlfriend-2027/,"Jul 19, 2026",Pending Index,0,0,N/A,No,No
30296,Gudi Padwa Meaning 2027: Significance & Why It Is Celebrated,https://blog.bluestone.com/gudi-padwa-meaning-2027/,"Jul 19, 2026",Indexed,4,0,1,Yes,Yes
30285,"100+ Happy Janmashtami Wishes, Quotes & Captions for 2026",https://blog.bluestone.com/happy-janmashtami-wishes-quotes-2026/,"Jul 19, 2026",Indexed,44,1,4.6,Yes,Yes
30274,100+ Happy Gudi Padwa in Marathi for 2027 | Wishes & Quotes,https://blog.bluestone.com/happy-gudi-padwa-in-marathi-2027/,"Jul 19, 2026",Pending Index,0,0,N/A,No,No
30261,100+ Happy New Year Wishes for Love 2027 | Messages & Quotes,https://blog.bluestone.com/happy-new-year-wishes-for-love-2027/,"Jul 19, 2026",Indexed,1,1,3,Yes,Yes
30248,100+ Mother’s Day Wishes in English for 2027 | Quotes & Status,https://blog.bluestone.com/mothers-day-wishes-in-english-2027/,"Jul 19, 2026",Indexed,0,0,N/A,No,No
30229,100+ Happy Ugadi Wishes in Telugu for 2027 | WhatsApp Messages,https://blog.bluestone.com/happy-ugadi-wishes-in-telugu-2027/,"Jul 19, 2026",Pending Index,0,0,N/A,No,No
29557,Kada: Complete Guide,https://blog.bluestone.com/kada-complete-guide/,"Jul 19, 2026",Indexed,17,0,16.4,No,No
29548,Gold Ring Design for Men 2026: Latest Styles & Ideas,https://blog.bluestone.com/gold-ring-design-for-men/,"Jul 18, 2026",Indexed,15,2,11,No,Yes
30113,"100+ Happy Bhai Dooj Wishes, Quotes & Messages in English for 2026",https://blog.bluestone.com/bhai-dooj-wishes/,"Jul 18, 2026",Indexed,85,1,32.2,No,No
29536,Diamond: Complete Guide,https://blog.bluestone.com/diamond-complete-guide/,"Jul 17, 2026",Indexed,1,1,1,Yes,Yes
30064,"100+ Happy Ganesh Chaturthi Wishes, Quotes & Messages in English for 2026",https://blog.bluestone.com/ganesh-chaturthi-wishes-in-english/,"Jul 17, 2026",Indexed,361,4,24.7,No,No
30052,"100+ Happy Friendship Day Wishes, Quotes & Messages in English for 2026",https://blog.bluestone.com/friendship-day-2023-wishes/,"Jul 17, 2026",Indexed,90,2,10.6,No,Yes
30041,"100+ Happy Dussehra Wishes, Quotes & Greetings in English for 2026",https://blog.bluestone.com/dussehra-wishes-in-english/,"Jul 16, 2026",Indexed,318,0,28.6,No,No
30030,"100+ Happy Teachers’ Day Wishes, Quotes & Messages in English for 2026",https://blog.bluestone.com/teachers-day-wishes-in-english/,"Jul 16, 2026",Indexed,1503,1,36.1,No,No
29985,"100+ Engagement Quotes, Wishes & Captions for 2026",https://blog.bluestone.com/engagement-quotes/,"Jul 16, 2026",Indexed,97,2,35.8,No,No
29935,"75+ Happy Diwali Wishes, Messages & Quotes for 2026",https://blog.bluestone.com/happy-diwali-wishes-messages-quotes-2026/,"Jul 16, 2026",Indexed,24,1,2.9,Yes,Yes
29925,75+ Heart-Touching Love Proposal Quotes & Propose Day Wishes for 2027,https://blog.bluestone.com/heart-touching-love-proposal-quotes-2027/,"Jul 16, 2026",Indexed,26,2,22.5,No,No
29913,"75+ Happy Eid Mubarak Wishes, Messages & Quotes for 2027",https://blog.bluestone.com/happy-eid-mubarak-wishes-messages-quotes-2027/,"Jul 16, 2026",Indexed,2,0,46,No,No
29517,Best Gold Ring for Women in India: Top Picks & Buying Guide,https://blog.bluestone.com/best-gold-ring-for-women-india/,"Jul 16, 2026",Pending Index,0,0,N/A,No,No
